experiment,n_per_set,sae_seed,dictionary_seed,data_seed,training_samples,train_batch_size,optimizer_steps,k,learning_rate,checkpoint_source,hungarian_90,mmcs,assigned_cosine_min,assigned_cosine_p10,assigned_cosine_median,evaluation_samples,reconstruction_mse,explained_variance,mean_l0,std_l0,fraction_l0_0,fraction_l0_1,fraction_l0_2,fraction_l0_3,fraction_l0_ge4,evaluation_dead_latents,firing_frequency_p10,firing_frequency_median,decoder_max_offdiag_cosine,topk_threshold
8A,256,0,0,0,125000000,16384,7630,2.0,5e-05,new_training_run,0.849609375,0.928331196308136,0.015532776713371277,0.8049351572990417,0.9959208965301514,16384,0.025927580893039703,0.9611291885375977,2.0,0.8822246193885803,0.10382080078125,0.04852294921875,0.61761474609375,0.20672607421875,0.0233154296875,13,0.0028076171875,0.0035400390625,0.8195940256118774,0.11029293908739363
8A,256,1,0,0,125000000,16384,7630,2.0,5e-05,new_training_run,0.84765625,0.9366101026535034,0.006973683834075928,0.8062523603439331,0.9968633651733398,16384,0.020876633003354073,0.9687016010284424,2.0,0.8873981833457947,0.109130859375,0.03533935546875,0.63018798828125,0.199462890625,0.02587890625,15,0.00274658203125,0.0035400390625,0.7467418909072876,0.117303154359313
8A,256,2,0,0,125000000,16384,7630,2.0,5e-05,new_training_run,0.84765625,0.9212302565574646,0.03952930122613907,0.7493157982826233,0.9972466230392456,16384,0.022588666528463364,0.9661349058151245,2.0,0.897043764591217,0.10943603515625,0.0400390625,0.6220703125,0.20086669921875,0.027587890625,18,0.00274658203125,0.0035400390625,0.8585717082023621,0.11958807015578488
8A,256,0,0,0,125000000,16384,7630,2.0,7.5e-05,new_training_run,0.931640625,0.9611984491348267,0.018699636682868004,0.9654011130332947,0.9976030588150024,16384,0.0070017920807003975,0.9895028471946716,2.0,0.7513821721076965,0.0810546875,0.01678466796875,0.74114990234375,0.1463623046875,0.0146484375,12,0.00299072265625,0.003662109375,0.7789990901947021,0.08725243397465617
8A,256,1,0,0,125000000,16384,7630,2.0,7.5e-05,new_training_run,0.916015625,0.9533520936965942,0.02850278653204441,0.9589043855667114,0.9981256723403931,16384,0.008012630045413971,0.9879873991012573,2.0,0.7549479007720947,0.0814208984375,0.019775390625,0.73486328125,0.1470947265625,0.016845703125,14,0.0029296875,0.00360107421875,0.8453086614608765,0.08717937203130353
8A,256,2,0,0,125000000,16384,7630,2.0,7.5e-05,new_training_run,0.90625,0.9515011310577393,0.021830881014466286,0.9234930872917175,0.998681902885437,16384,0.006232502870261669,0.9906561970710754,2.0,0.8314350247383118,0.09918212890625,0.0107421875,0.71337890625,0.14862060546875,0.028076171875,18,0.0028076171875,0.0035400390625,0.6465493440628052,0.1065440323537682
8A,256,0,0,0,125000000,16384,7630,2.0,0.0001,new_training_run,0.94140625,0.9669276475906372,0.019469380378723145,0.9961217045783997,0.9989873766899109,16384,0.0028682213742285967,0.995699942111969,2.0,0.6886531710624695,0.070068359375,0.00811767578125,0.79132080078125,0.11358642578125,0.01690673828125,14,0.00299072265625,0.003662109375,0.8573712110519409,0.07511276832734523
8A,256,1,0,0,125000000,16384,7630,2.0,0.0001,new_training_run,0.927734375,0.9622761011123657,0.030189350247383118,0.9938392043113708,0.9990898370742798,16384,0.0034719828981906176,0.9947947859764099,2.0,0.7080556154251099,0.076171875,0.00909423828125,0.76519775390625,0.13848876953125,0.01104736328125,16,0.0029296875,0.003662109375,0.8088862895965576,0.08129499602310143
8A,256,2,0,0,125000000,16384,7630,2.0,0.0001,new_training_run,0.927734375,0.9569902420043945,0.03172505646944046,0.9923568964004517,0.9993224143981934,16384,0.003850311506539583,0.9942275881767273,2.0,0.7495115399360657,0.083740234375,0.00732421875,0.754150390625,0.13690185546875,0.01788330078125,15,0.00286865234375,0.00360107421875,0.8646413087844849,0.09000178895831915
8A,256,0,0,0,125000000,16384,7630,2.0,0.000125,new_training_run,0.9453125,0.9689692258834839,0.008550796657800674,0.9970802068710327,0.9998116493225098,16384,0.0006528613739646971,0.9990212321281433,2.0,0.6088739633560181,0.05963134765625,0.002197265625,0.82098388671875,0.1129150390625,0.0042724609375,11,0.00299072265625,0.00372314453125,0.9352956414222717,0.06485774421353198
8A,256,1,0,0,125000000,16384,7630,2.0,0.000125,new_training_run,0.94140625,0.9635511636734009,0.0038580819964408875,0.9965477585792542,0.9989113807678223,16384,0.003093557432293892,0.9953621029853821,2.0,0.613169252872467,0.05828857421875,0.0084228515625,0.8126220703125,0.11651611328125,0.004150390625,16,0.00299072265625,0.003662109375,0.9012422561645508,0.06344961637750171
8A,256,2,0,0,125000000,16384,7630,2.0,0.000125,new_training_run,0.943359375,0.9631223082542419,0.022643782198429108,0.9968787431716919,0.999506413936615,16384,0.0024344332050532103,0.9963502883911133,2.0,0.6685053706169128,0.06597900390625,0.00665283203125,0.80609130859375,0.10540771484375,0.015869140625,17,0.0029296875,0.003662109375,0.8904701471328735,0.07234928000415004
8A,256,0,0,0,125000000,16384,7630,2.0,0.00015,new_training_run,0.947265625,0.9714300632476807,0.008434679359197617,0.9989585876464844,0.9993329644203186,16384,0.0014954491052776575,0.9977580308914185,2.0,0.5806532502174377,0.05194091796875,0.00543212890625,0.84027099609375,0.09576416015625,0.006591796875,9,0.002996826311573386,0.00372314453125,0.7568898797035217,0.05542860718544513
8A,256,1,0,0,125000000,16384,7630,2.0,0.00015,new_training_run,0.947265625,0.9685620069503784,0.0037405043840408325,0.997946560382843,0.999886691570282,16384,0.000603720429353416,0.9990949034690857,2.0,0.5824374556541443,0.0548095703125,0.0018310546875,0.83526611328125,0.104736328125,0.00335693359375,14,0.00299072265625,0.00372314453125,0.8217214345932007,0.05901385938726071
8A,256,2,0,0,125000000,16384,7630,2.0,0.00015,new_training_run,0.955078125,0.9706692695617676,0.01575709693133831,0.9996839165687561,0.99974524974823,16384,0.0005871765315532684,0.9991196990013123,2.0,0.5864060521125793,0.0543212890625,0.00128173828125,0.841796875,0.09564208984375,0.0069580078125,15,0.00299072265625,0.00372314453125,0.8879202604293823,0.05668362763669855
8A,256,0,0,0,125000000,16384,7630,2.0,0.000175,new_training_run,0.955078125,0.9669991135597229,0.016001660376787186,0.998102068901062,0.9994010329246521,16384,0.0017463633557781577,0.997381865978241,2.0,0.5545223951339722,0.04736328125,0.00518798828125,0.85113525390625,0.0933837890625,0.0029296875,15,0.0030517578125,0.0037841796875,0.9480159878730774,0.05237544580511371
8A,256,1,0,0,125000000,16384,7630,2.0,0.000175,new_training_run,0.947265625,0.9651480317115784,0.003558918833732605,0.997600257396698,0.9999002814292908,16384,0.0008652328979223967,0.9987028241157532,2.0,0.5902445912361145,0.05633544921875,0.001953125,0.830322265625,0.108154296875,0.00323486328125,16,0.00299072265625,0.00372314453125,0.8241592645645142,0.06103500423582933
8A,256,2,0,0,125000000,16384,7630,2.0,0.000175,new_training_run,0.955078125,0.9673939943313599,0.034795016050338745,0.9977278709411621,0.9999055862426758,16384,0.0007225582376122475,0.998916745185852,2.0,0.6163463592529297,0.05902099609375,0.00177001953125,0.829833984375,0.099609375,0.009765625,15,0.002935791155323386,0.003662109375,0.8894875049591064,0.06354196209596293
8A,256,0,0,0,125000000,16384,7630,2.0,0.0002,new_training_run,0.95703125,0.9702153205871582,0.011433038860559464,0.9979096055030823,0.9999171495437622,16384,0.00045690289698541164,0.9993150234222412,2.0,0.5616312623023987,0.0509033203125,0.0018310546875,0.8468017578125,0.0972900390625,0.003173828125,13,0.002996826311573386,0.00372314453125,0.8540526032447815,0.056332640390878805
8A,256,1,0,0,125000000,16384,7630,2.0,0.0002,new_training_run,0.951171875,0.9656709432601929,0.001008394407108426,0.9977326393127441,0.9998936057090759,16384,0.0007055083988234401,0.9989423155784607,2.0,0.570686936378479,0.05279541015625,0.0020751953125,0.83984375,0.1029052734375,0.00238037109375,15,0.00299072265625,0.00372314453125,0.8410505652427673,0.05703125566681529
8A,256,2,0,0,125000000,16384,7630,2.0,0.0002,new_training_run,0.947265625,0.9643079042434692,0.007015202194452286,0.9977508187294006,0.9999138116836548,16384,0.0006813266081735492,0.9989785552024841,2.0,0.6511145830154419,0.06396484375,0.00238037109375,0.820068359375,0.09783935546875,0.0157470703125,15,0.00299072265625,0.003662109375,0.9579533338546753,0.0700395705375239
8A,256,0,0,0,125000000,16384,7630,2.0,0.00025,new_training_run,0.958984375,0.9720598459243774,0.014512836933135986,0.9998918771743774,0.9999147653579712,16384,0.00036221739719621837,0.9994569420814514,2.0,0.5260545611381531,0.04449462890625,0.00213623046875,0.86492919921875,0.0858154296875,0.00262451171875,11,0.0030517578125,0.0037841796875,0.8669620752334595,0.04903724759073767
8A,256,1,0,0,125000000,16384,7630,2.0,0.00025,new_training_run,0.947265625,0.9660803079605103,0.022456228733062744,0.9979156255722046,0.9998521208763123,16384,0.0006019469583407044,0.9990975856781006,2.0,0.5941610336303711,0.05572509765625,0.00152587890625,0.83709716796875,0.09881591796875,0.0068359375,15,0.00299072265625,0.00372314453125,0.8859933018684387,0.05887784101772075
8A,256,2,0,0,125000000,16384,7630,2.0,0.00025,new_training_run,0.953125,0.9643670320510864,0.023388560861349106,0.9979482889175415,0.9999008178710938,16384,0.0005699368193745613,0.9991455674171448,2.0,0.5870302319526672,0.05401611328125,0.00146484375,0.84344482421875,0.093017578125,0.008056640625,19,0.0029296875,0.00372314453125,0.8493512868881226,0.05998222453266785
