n_per_set,alpha,rank,expected_probability,observed_x_probability,observed_y_probability
8,0.0,1,0.125,0.1248375,0.1250435
8,0.0,2,0.125,0.12561,0.124697
8,0.0,3,0.125,0.1249435,0.125362
8,0.0,4,0.125,0.1246285,0.1250445
8,0.0,5,0.125,0.125088,0.124728
8,0.0,6,0.125,0.124783,0.1249155
8,0.0,7,0.125,0.1247935,0.125304
8,0.0,8,0.125,0.125316,0.1249055
8,0.5,1,0.22875775,0.229332,0.2283925
8,0.5,2,0.16175614,0.161503,0.161939
8,0.5,3,0.13207334,0.13179749,0.1317565
8,0.5,4,0.11437888,0.114475,0.1148605
8,0.5,5,0.102303565,0.1021995,0.1023205
8,0.5,6,0.09338996,0.093473,0.0930575
8,0.5,7,0.086462304,0.0867335,0.0866355
8,0.5,8,0.08087807,0.0804865,0.081038
8,1.0,1,0.3679369,0.3682775,0.367501
8,1.0,2,0.18396845,0.1836835,0.1838545
8,1.0,3,0.12264564,0.122508,0.123143
8,1.0,4,0.09198423,0.092195,0.0917965
8,1.0,5,0.07358738,0.073586,0.0735485
8,1.0,6,0.06132282,0.061506,0.061389
8,1.0,7,0.052562416,0.052417498,0.0526205
8,1.0,8,0.045992114,0.0458265,0.046147
8,1.5,1,0.5190284,0.519136,0.5185075
8,1.5,2,0.18350425,0.1834115,0.183876
8,1.5,3,0.099887066,0.100062996,0.0997315
8,1.5,4,0.06487855,0.0649975,0.0650225
8,1.5,5,0.046423316,0.0465235,0.046395
8,1.5,6,0.035315413,0.0349785,0.0352785
8,1.5,7,0.0280249,0.0278865,0.0281265
8,1.5,8,0.022938032,0.0230035,0.0230625
256,0.0,1,0.00390625,0.0038805,0.004003
256,0.0,2,0.00390625,0.003986,0.003869
256,0.0,3,0.00390625,0.0039235,0.0038285
256,0.0,4,0.00390625,0.0039605,0.0039035
256,0.0,5,0.00390625,0.003914,0.0038225
256,0.0,6,0.00390625,0.003824,0.0039195
256,0.0,7,0.00390625,0.0039045,0.003863
256,0.0,8,0.00390625,0.0038595,0.0038685
256,0.0,9,0.00390625,0.003912,0.004003
256,0.0,10,0.00390625,0.003865,0.003862
256,0.0,11,0.00390625,0.0038679999,0.0039115
256,0.0,12,0.00390625,0.00392,0.003959
256,0.0,13,0.00390625,0.003906,0.0038075
256,0.0,14,0.00390625,0.0039135,0.003887
256,0.0,15,0.00390625,0.0039075,0.0039405
256,0.0,16,0.00390625,0.0039505,0.003857
256,0.0,17,0.00390625,0.0039085,0.0039385
256,0.0,18,0.00390625,0.0039545,0.0039335
256,0.0,19,0.00390625,0.0039425,0.0038505
256,0.0,20,0.00390625,0.003932,0.0039465
256,0.0,21,0.00390625,0.003946,0.0039045
256,0.0,22,0.00390625,0.003918,0.003882
256,0.0,23,0.00390625,0.0038865,0.0038915
256,0.0,24,0.00390625,0.003838,0.0038885
256,0.0,25,0.00390625,0.0039495,0.0038975
256,0.0,26,0.00390625,0.0039665,0.0038365
256,0.0,27,0.00390625,0.0038955,0.003904
256,0.0,28,0.00390625,0.0038805,0.003903
256,0.0,29,0.00390625,0.0039005,0.0039805
256,0.0,30,0.00390625,0.0038775,0.003942
256,0.0,31,0.00390625,0.0038945,0.0039725
256,0.0,32,0.00390625,0.003937,0.003935
256,0.0,33,0.00390625,0.003989,0.003803
256,0.0,34,0.00390625,0.003895,0.003893
256,0.0,35,0.00390625,0.00386,0.00394
256,0.0,36,0.00390625,0.00392,0.0038935
256,0.0,37,0.00390625,0.0038905,0.003805
256,0.0,38,0.00390625,0.0039405,0.004044
256,0.0,39,0.00390625,0.003925,0.003932
256,0.0,40,0.00390625,0.0038985,0.0039129998
256,0.0,41,0.00390625,0.003855,0.0038369999
256,0.0,42,0.00390625,0.003899,0.003893
256,0.0,43,0.00390625,0.0039345,0.003983
256,0.0,44,0.00390625,0.0038895,0.0039395
256,0.0,45,0.00390625,0.0038595,0.003901
256,0.0,46,0.00390625,0.003894,0.0039075
256,0.0,47,0.00390625,0.003862,0.0038785
256,0.0,48,0.00390625,0.0039425,0.0038765
256,0.0,49,0.00390625,0.003901,0.0038415
256,0.0,50,0.00390625,0.0039355,0.00394
256,0.0,51,0.00390625,0.0038195,0.0039749998
256,0.0,52,0.00390625,0.003902,0.003952
256,0.0,53,0.00390625,0.003895,0.0039015
256,0.0,54,0.00390625,0.003926,0.0039175
256,0.0,55,0.00390625,0.0038305,0.0038514999
256,0.0,56,0.00390625,0.0039355,0.0039115
256,0.0,57,0.00390625,0.0038785,0.003945
256,0.0,58,0.00390625,0.0039275,0.003883
256,0.0,59,0.00390625,0.0038669999,0.003896
256,0.0,60,0.00390625,0.003864,0.0038995
256,0.0,61,0.00390625,0.0038655,0.0040185
256,0.0,62,0.00390625,0.003897,0.0039085
256,0.0,63,0.00390625,0.0038979999,0.0038995
256,0.0,64,0.00390625,0.0038679999,0.003904
256,0.0,65,0.00390625,0.003862,0.0039525
256,0.0,66,0.00390625,0.003928,0.0039205
256,0.0,67,0.00390625,0.0038555,0.0039655
256,0.0,68,0.00390625,0.0038105,0.0039145
256,0.0,69,0.00390625,0.003862,0.003943
256,0.0,70,0.00390625,0.0038645,0.003914
256,0.0,71,0.00390625,0.0039355,0.003903
256,0.0,72,0.00390625,0.0038925,0.0038915
256,0.0,73,0.00390625,0.0039155,0.00391
256,0.0,74,0.00390625,0.003935,0.0038865
256,0.0,75,0.00390625,0.0038765,0.0039175
256,0.0,76,0.00390625,0.0039025,0.0039065
256,0.0,77,0.00390625,0.0039265,0.003947
256,0.0,78,0.00390625,0.003886,0.0038425
256,0.0,79,0.00390625,0.00392,0.003951
256,0.0,80,0.00390625,0.0039695,0.0038979999
256,0.0,81,0.00390625,0.0038979999,0.003907
256,0.0,82,0.00390625,0.0039395,0.003881
256,0.0,83,0.00390625,0.0039395,0.0039515
256,0.0,84,0.00390625,0.003869,0.003832
256,0.0,85,0.00390625,0.0039635,0.0039475
256,0.0,86,0.00390625,0.0039215,0.00398
256,0.0,87,0.00390625,0.003955,0.0039315
256,0.0,88,0.00390625,0.0038995,0.0038265
256,0.0,89,0.00390625,0.003928,0.0039785
256,0.0,90,0.00390625,0.0039355,0.0038824999
256,0.0,91,0.00390625,0.003893,0.0039815
256,0.0,92,0.00390625,0.0039015,0.0038995
256,0.0,93,0.00390625,0.003918,0.0039525
256,0.0,94,0.00390625,0.0039129998,0.0039135
256,0.0,95,0.00390625,0.0038995,0.0039195
256,0.0,96,0.00390625,0.0038995,0.003916
256,0.0,97,0.00390625,0.0038925,0.004001
256,0.0,98,0.00390625,0.003902,0.0038735
256,0.0,99,0.00390625,0.003955,0.0039155
256,0.0,100,0.00390625,0.0038669999,0.003941
256,0.0,101,0.00390625,0.0039075,0.0038685
256,0.0,102,0.00390625,0.0038905,0.003945
256,0.0,103,0.00390625,0.003915,0.003946
256,0.0,104,0.00390625,0.0039725,0.0039155
256,0.0,105,0.00390625,0.003876,0.003905
256,0.0,106,0.00390625,0.0039185,0.0038565
256,0.0,107,0.00390625,0.0039605,0.0039445
256,0.0,108,0.00390625,0.0038575,0.0038679999
256,0.0,109,0.00390625,0.0039845,0.003873
256,0.0,110,0.00390625,0.003888,0.0038615
256,0.0,111,0.00390625,0.003835,0.0038875
256,0.0,112,0.00390625,0.0039635,0.0039085
256,0.0,113,0.00390625,0.0039375,0.003921
256,0.0,114,0.00390625,0.0038915,0.0039395
256,0.0,115,0.00390625,0.0039535,0.0038545
256,0.0,116,0.00390625,0.0038979999,0.003938
256,0.0,117,0.00390625,0.0039345,0.003886
256,0.0,118,0.00390625,0.0038505,0.003952
256,0.0,119,0.00390625,0.0038765,0.003877
256,0.0,120,0.00390625,0.0039845,0.003876
256,0.0,121,0.00390625,0.003918,0.003954
256,0.0,122,0.00390625,0.0039185,0.003887
256,0.0,123,0.00390625,0.003968,0.003974
256,0.0,124,0.00390625,0.003931,0.0039615
256,0.0,125,0.00390625,0.0039594998,0.0039185
256,0.0,126,0.00390625,0.0039295,0.0038855
256,0.0,127,0.00390625,0.003905,0.003989
256,0.0,128,0.00390625,0.0038605,0.0038514999
256,0.0,129,0.00390625,0.0039375,0.003849
256,0.0,130,0.00390625,0.0038795,0.003925
256,0.0,131,0.00390625,0.003946,0.003948
256,0.0,132,0.00390625,0.003942,0.0038669999
256,0.0,133,0.00390625,0.0038979999,0.003918
256,0.0,134,0.00390625,0.0038585,0.003854
256,0.0,135,0.00390625,0.0039,0.003917
256,0.0,136,0.00390625,0.003882,0.003908
256,0.0,137,0.00390625,0.0038755,0.0039395
256,0.0,138,0.00390625,0.003919,0.003866
256,0.0,139,0.00390625,0.0038815,0.003948
256,0.0,140,0.00390625,0.003927,0.003816
256,0.0,141,0.00390625,0.0038605,0.0039105
256,0.0,142,0.00390625,0.003946,0.003903
256,0.0,143,0.00390625,0.0038195,0.0038915
256,0.0,144,0.00390625,0.003843,0.0039295
256,0.0,145,0.00390625,0.003899,0.0038255
256,0.0,146,0.00390625,0.003932,0.0039185
256,0.0,147,0.00390625,0.003833,0.0038705
256,0.0,148,0.00390625,0.00383,0.003862
256,0.0,149,0.00390625,0.003892,0.0039175
256,0.0,150,0.00390625,0.003905,0.0039565
256,0.0,151,0.00390625,0.0039865,0.0039525
256,0.0,152,0.00390625,0.0039855,0.003912
256,0.0,153,0.00390625,0.0038885,0.003935
256,0.0,154,0.00390625,0.0039284998,0.0039065
256,0.0,155,0.00390625,0.0039185,0.003921
256,0.0,156,0.00390625,0.003881,0.0039435
256,0.0,157,0.00390625,0.003925,0.0038535
256,0.0,158,0.00390625,0.003915,0.0038745
256,0.0,159,0.00390625,0.0039695,0.0038745
256,0.0,160,0.00390625,0.0039155,0.0039095
256,0.0,161,0.00390625,0.003892,0.0039045
256,0.0,162,0.00390625,0.0039365,0.0039725
256,0.0,163,0.00390625,0.003948,0.003945
256,0.0,164,0.00390625,0.0039255,0.003928
256,0.0,165,0.00390625,0.0039125,0.0038415
256,0.0,166,0.00390625,0.003831,0.003865
256,0.0,167,0.00390625,0.0038985,0.003951
256,0.0,168,0.00390625,0.0040055,0.0038975
256,0.0,169,0.00390625,0.003858,0.00384
256,0.0,170,0.00390625,0.0039405,0.0039205
256,0.0,171,0.00390625,0.0038785,0.003965
256,0.0,172,0.00390625,0.0039255,0.003917
256,0.0,173,0.00390625,0.0038035,0.0038925
256,0.0,174,0.00390625,0.0039855,0.00391
256,0.0,175,0.00390625,0.003878,0.0039635
256,0.0,176,0.00390625,0.0039215,0.003905
256,0.0,177,0.00390625,0.003936,0.00396
256,0.0,178,0.00390625,0.00396,0.00383
256,0.0,179,0.00390625,0.003874,0.003852
256,0.0,180,0.00390625,0.003885,0.0039135
256,0.0,181,0.00390625,0.0039075,0.003797
256,0.0,182,0.00390625,0.0039465,0.0038735
256,0.0,183,0.00390625,0.003952,0.0038505
256,0.0,184,0.00390625,0.003886,0.00397
256,0.0,185,0.00390625,0.003862,0.0038695
256,0.0,186,0.00390625,0.0039455,0.0039335
256,0.0,187,0.00390625,0.0039155,0.0039129998
256,0.0,188,0.00390625,0.0038685,0.003942
256,0.0,189,0.00390625,0.0038915,0.0038025
256,0.0,190,0.00390625,0.003877,0.0038965
256,0.0,191,0.00390625,0.003877,0.003856
256,0.0,192,0.00390625,0.0038415,0.0039435
256,0.0,193,0.00390625,0.0039035,0.003838
256,0.0,194,0.00390625,0.0039005,0.003877
256,0.0,195,0.00390625,0.0038925,0.003891
256,0.0,196,0.00390625,0.003893,0.0038685
256,0.0,197,0.00390625,0.003952,0.003961
256,0.0,198,0.00390625,0.003904,0.0038775
256,0.0,199,0.00390625,0.0039035,0.003937
256,0.0,200,0.00390625,0.003882,0.0039125
256,0.0,201,0.00390625,0.003861,0.0039095
256,0.0,202,0.00390625,0.0038445,0.0038835
256,0.0,203,0.00390625,0.003912,0.0039055
256,0.0,204,0.00390625,0.0039325,0.003891
256,0.0,205,0.00390625,0.0039515,0.0039284998
256,0.0,206,0.00390625,0.003932,0.003874
256,0.0,207,0.00390625,0.0039055,0.003936
256,0.0,208,0.00390625,0.0038885,0.003963
256,0.0,209,0.00390625,0.0038875,0.0039435
256,0.0,210,0.00390625,0.0039,0.0038805
256,0.0,211,0.00390625,0.003908,0.003947
256,0.0,212,0.00390625,0.0038365,0.003884
256,0.0,213,0.00390625,0.003835,0.003879
256,0.0,214,0.00390625,0.003934,0.003894
256,0.0,215,0.00390625,0.0038855,0.003884
256,0.0,216,0.00390625,0.0039345,0.003805
256,0.0,217,0.00390625,0.0038675,0.003857
256,0.0,218,0.00390625,0.0039284998,0.003881
256,0.0,219,0.00390625,0.0039425,0.0039785
256,0.0,220,0.00390625,0.003856,0.003893
256,0.0,221,0.00390625,0.003977,0.0039735
256,0.0,222,0.00390625,0.003915,0.0039555
256,0.0,223,0.00390625,0.003934,0.003936
256,0.0,224,0.00390625,0.00396,0.0038955
256,0.0,225,0.00390625,0.003937,0.003875
256,0.0,226,0.00390625,0.0040215,0.00391
256,0.0,227,0.00390625,0.003919,0.0038905
256,0.0,228,0.00390625,0.0038485,0.0038565
256,0.0,229,0.00390625,0.003945,0.0038565
256,0.0,230,0.00390625,0.0039015,0.0038679999
256,0.0,231,0.00390625,0.0038245,0.0038585
256,0.0,232,0.00390625,0.0038695,0.00382
256,0.0,233,0.00390625,0.00389,0.0038915
256,0.0,234,0.00390625,0.0038865,0.0038565
256,0.0,235,0.00390625,0.0038824999,0.003836
256,0.0,236,0.00390625,0.003921,0.003991
256,0.0,237,0.00390625,0.003939,0.003879
256,0.0,238,0.00390625,0.003822,0.0038375
256,0.0,239,0.00390625,0.0038955,0.003969
256,0.0,240,0.00390625,0.0039645,0.0040075
256,0.0,241,0.00390625,0.0039325,0.003955
256,0.0,242,0.00390625,0.003984,0.0039925
256,0.0,243,0.00390625,0.0039085,0.0038685
256,0.0,244,0.00390625,0.003902,0.003871
256,0.0,245,0.00390625,0.003861,0.003996
256,0.0,246,0.00390625,0.0039095,0.003895
256,0.0,247,0.00390625,0.0039275,0.003906
256,0.0,248,0.00390625,0.0039765,0.0039585
256,0.0,249,0.00390625,0.0039085,0.0038535
256,0.0,250,0.00390625,0.0039055,0.0039065
256,0.0,251,0.00390625,0.0038715,0.0038895
256,0.0,252,0.00390625,0.003949,0.003943
256,0.0,253,0.00390625,0.003904,0.0038445
256,0.0,254,0.00390625,0.0038665,0.003879
256,0.0,255,0.00390625,0.0038865,0.0039875
256,0.0,256,0.00390625,0.0038885,0.003931
256,0.5,1,0.03271086,0.032822,0.032784
256,0.5,2,0.02313007,0.0230635,0.022971
256,0.5,3,0.018885626,0.018987,0.018933
256,0.5,4,0.01635543,0.0162495,0.0162705
256,0.5,5,0.014628741,0.014592,0.0147745
256,0.5,6,0.013354153,0.0135365,0.0132865
256,0.5,7,0.012363544,0.0123575,0.012365
256,0.5,8,0.011565035,0.0116835,0.0114525
256,0.5,9,0.01090362,0.0109305,0.010848
256,0.5,10,0.0103440825,0.0103925,0.010344
256,0.5,11,0.009862696,0.0099775,0.009934
256,0.5,12,0.009442813,0.009463,0.0093775
256,0.5,13,0.009072361,0.0091995,0.009037
256,0.5,14,0.0087423455,0.008669,0.0086465
256,0.5,15,0.008445908,0.008462,0.0084675
256,0.5,16,0.008177715,0.008172,0.008161
256,0.5,17,0.00793355,0.0079505,0.007891
256,0.5,18,0.0077100242,0.0077095,0.0076765
256,0.5,19,0.007504386,0.0073555,0.007465
256,0.5,20,0.0073143705,0.007373,0.0072525
256,0.5,21,0.007138095,0.007144,0.0071045
256,0.5,22,0.006973979,0.006992,0.006943
256,0.5,23,0.006820686,0.0067425,0.006753
256,0.5,24,0.0066770767,0.00674,0.0066055
256,0.5,25,0.0065421727,0.00641,0.0065455
256,0.5,26,0.006415128,0.006527,0.006477
256,0.5,27,0.0062952084,0.0062975,0.006201
256,0.5,28,0.006181772,0.006134,0.006207
256,0.5,29,0.0060742544,0.006039,0.006057
256,0.5,30,0.005972159,0.005881,0.006077
256,0.5,31,0.0058750445,0.005934,0.005851
256,0.5,32,0.0057825176,0.0058255,0.0058395
256,0.5,33,0.00569423,0.005674,0.0057495
256,0.5,34,0.005609866,0.0056415,0.0057035
256,0.5,35,0.005529145,0.0055285,0.005511
256,0.5,36,0.00545181,0.0054409998,0.0054325
256,0.5,37,0.0053776326,0.0053135,0.005369
256,0.5,38,0.005306402,0.00528,0.005331
256,0.5,39,0.0052379295,0.0052925,0.0051845
256,0.5,40,0.0051720412,0.0051645,0.005244
256,0.5,41,0.0051085786,0.0050885,0.0051595
256,0.5,42,0.0050473954,0.0050215,0.0050765
256,0.5,43,0.0049883598,0.004956,0.0050795
256,0.5,44,0.004931348,0.0049395,0.0050325
256,0.5,45,0.004876247,0.004919,0.004848
256,0.5,46,0.0048229536,0.0048525,0.0047365
256,0.5,47,0.0047713695,0.0047595,0.004789
256,0.5,48,0.0047214064,0.0046505,0.0046585
256,0.5,49,0.0046729804,0.004689,0.004593
256,0.5,50,0.0046260143,0.004586,0.0046305
256,0.5,51,0.0045804367,0.0046159998,0.004644
256,0.5,52,0.0045361803,0.004562,0.0044565
256,0.5,53,0.0044931825,0.0044565,0.0044685
256,0.5,54,0.0044513843,0.0044035,0.004497
256,0.5,55,0.004410732,0.004371,0.0043165
256,0.5,56,0.0043711727,0.00435,0.004374
256,0.5,57,0.0043326593,0.004293,0.0043445
256,0.5,58,0.0042951466,0.004384,0.004232
256,0.5,59,0.004258591,0.0042635,0.004195
256,0.5,60,0.004222954,0.004172,0.0041565
256,0.5,61,0.0041881967,0.004171,0.0041615
256,0.5,62,0.0041542836,0.0041945,0.004221
256,0.5,63,0.004121181,0.0041475,0.00418
256,0.5,64,0.0040888577,0.0040005,0.004074
256,0.5,65,0.0040572826,0.0040755,0.003987
256,0.5,66,0.004026429,0.004017,0.003964
256,0.5,67,0.003996268,0.003961,0.0040365
256,0.5,68,0.003966775,0.003978,0.003966
256,0.5,69,0.0039379247,0.003928,0.003945
256,0.5,70,0.0039096954,0.003931,0.0039594998
256,0.5,71,0.003882065,0.003848,0.0039245
256,0.5,72,0.0038550121,0.0038345,0.0039345
256,0.5,73,0.0038285167,0.0038395,0.0038115
256,0.5,74,0.0038025603,0.003818,0.003812
256,0.5,75,0.003777125,0.0037555,0.0038075
256,0.5,76,0.003752193,0.0037245,0.00373
256,0.5,77,0.0037277485,0.0036965,0.003686
256,0.5,78,0.0037037758,0.0037545,0.003712
256,0.5,79,0.0036802595,0.0035915,0.0036815
256,0.5,80,0.0036571852,0.0036865,0.0036415
256,0.5,81,0.0036345404,0.003583,0.003622
256,0.5,82,0.0036123104,0.0036425,0.0036225
256,0.5,83,0.0035904835,0.003632,0.0035835
256,0.5,84,0.0035690474,0.0036045,0.003611
256,0.5,85,0.003547991,0.003479,0.0035715
256,0.5,86,0.0035273028,0.003616,0.0035605
256,0.5,87,0.0035069725,0.003488,0.0035755
256,0.5,88,0.0034869895,0.003447,0.0035025
256,0.5,89,0.0034673444,0.003477,0.0035355
256,0.5,90,0.0034480277,0.0034435,0.0034565
256,0.5,91,0.00342903,0.0034395,0.0033815
256,0.5,92,0.003410343,0.003328,0.0033695
256,0.5,93,0.0033919583,0.0033455,0.003374
256,0.5,94,0.0033738676,0.003437,0.0033275
256,0.5,95,0.0033560635,0.003301,0.0033215
256,0.5,96,0.0033385383,0.003388,0.003313
256,0.5,97,0.003321285,0.0034575,0.003368
256,0.5,98,0.003304296,0.0032845,0.003381
256,0.5,99,0.0032875652,0.003284,0.0032915
256,0.5,100,0.0032710864,0.0032565,0.003244
256,0.5,101,0.0032548525,0.003259,0.0033495
256,0.5,102,0.003238858,0.003194,0.0032705
256,0.5,103,0.003223097,0.0032305,0.003223
256,0.5,104,0.003207564,0.0031995,0.0032845
256,0.5,105,0.003192253,0.0032215,0.0032565
256,0.5,106,0.0031771597,0.0031855,0.0032335
256,0.5,107,0.0031622783,0.003216,0.0031675
256,0.5,108,0.0031476042,0.003155,0.003212
256,0.5,109,0.0031331321,0.003118,0.0031385
256,0.5,110,0.0031188582,0.0031155,0.0031735
256,0.5,111,0.0031047775,0.003034,0.0030955
256,0.5,112,0.003090886,0.0031385,0.00306
256,0.5,113,0.0030771792,0.0030109999,0.0030225
256,0.5,114,0.003063653,0.003058,0.0030195
256,0.5,115,0.0030503036,0.003015,0.003108
256,0.5,116,0.0030371272,0.002996,0.0029985
256,0.5,117,0.0030241201,0.0030405,0.0030125
256,0.5,118,0.0030112788,0.002969,0.0030419999
256,0.5,119,0.0029985995,0.003026,0.0030205
256,0.5,120,0.0029860795,0.002961,0.0029615
256,0.5,121,0.0029737148,0.0029515,0.00298
256,0.5,122,0.0029615022,0.0029225,0.002965
256,0.5,123,0.0029494392,0.002911,0.0029825
256,0.5,124,0.0029375223,0.0029245,0.0029355
256,0.5,125,0.0029257482,0.0029235,0.002903
256,0.5,126,0.002914115,0.0028875,0.0028925
256,0.5,127,0.0029026195,0.003053,0.0029075
256,0.5,128,0.0028912588,0.002913,0.0029095
256,0.5,129,0.0028800308,0.0029044999,0.002829
256,0.5,130,0.002868932,0.0028745,0.002826
256,0.5,131,0.0028579612,0.002879,0.0028605
256,0.5,132,0.002847115,0.002845,0.002776
256,0.5,133,0.0028363916,0.002826,0.0028875
256,0.5,134,0.002825788,0.0028279999,0.00282
256,0.5,135,0.002815303,0.002825,0.0028485
256,0.5,136,0.002804933,0.0027995,0.00284
256,0.5,137,0.0027946774,0.0027824999,0.002824
256,0.5,138,0.0027845334,0.002786,0.0027315
256,0.5,139,0.0027744991,0.0027745,0.002832
256,0.5,140,0.0027645724,0.0028225,0.002781
256,0.5,141,0.0027547516,0.002687,0.002727
256,0.5,142,0.0027450344,0.002753,0.0027345
256,0.5,143,0.0027354197,0.00276,0.002792
256,0.5,144,0.002725905,0.0027575,0.002758
256,0.5,145,0.0027164891,0.0027705,0.0027275
256,0.5,146,0.00270717,0.002757,0.0026675
256,0.5,147,0.0026979465,0.002626,0.002674
256,0.5,148,0.0026888163,0.0026745,0.0026895
256,0.5,149,0.0026797783,0.002705,0.002646
256,0.5,150,0.0026708306,0.0026995,0.0026025
256,0.5,151,0.0026619723,0.002667,0.002661
256,0.5,152,0.002653201,0.0026385,0.0026195
256,0.5,153,0.0026445165,0.0026575,0.002604
256,0.5,154,0.0026359162,0.0026115,0.00264
256,0.5,155,0.0026273995,0.0026645,0.0026195
256,0.5,156,0.0026189648,0.0026285,0.002616
256,0.5,157,0.002610611,0.0025755,0.002525
256,0.5,158,0.0026023365,0.002603,0.0025565
256,0.5,159,0.0025941401,0.002609,0.0025705
256,0.5,160,0.0025860206,0.002584,0.0025865
256,0.5,161,0.0025779773,0.002639,0.0025475
256,0.5,162,0.002570008,0.002542,0.0025865
256,0.5,163,0.0025621124,0.0025585,0.0026085
256,0.5,164,0.0025542893,0.00257,0.002579
256,0.5,165,0.0025465372,0.002557,0.0024865
256,0.5,166,0.0025388552,0.0025675,0.002586
256,0.5,167,0.0025312426,0.0025175,0.002503
256,0.5,168,0.0025236977,0.002525,0.002538
256,0.5,169,0.0025162203,0.002525,0.0025345
256,0.5,170,0.0025088086,0.002435,0.0025465
256,0.5,171,0.0025014621,0.0024755,0.002482
256,0.5,172,0.0024941799,0.002532,0.00253
256,0.5,173,0.0024869607,0.002432,0.0024915
256,0.5,174,0.0024798042,0.0025255,0.0024415
256,0.5,175,0.002472709,0.002446,0.002483
256,0.5,176,0.002465674,0.002546,0.0024385
256,0.5,177,0.0024586988,0.0024345,0.002428
256,0.5,178,0.0024517826,0.002392,0.002473
256,0.5,179,0.0024449246,0.002443,0.002454
256,0.5,180,0.0024381236,0.002487,0.0024215
256,0.5,181,0.0024313792,0.0023825,0.0024755
256,0.5,182,0.0024246904,0.00241,0.002464
256,0.5,183,0.0024180566,0.002433,0.0024065
256,0.5,184,0.0024114768,0.002425,0.0024165
256,0.5,185,0.0024049503,0.002459,0.0024335
256,0.5,186,0.0023984767,0.002398,0.00235
256,0.5,187,0.002392055,0.0023505,0.002414
256,0.5,188,0.0023856848,0.002419,0.0024145
256,0.5,189,0.002379365,0.0023835,0.00238
256,0.5,190,0.0023730956,0.0024235,0.0023389999
256,0.5,191,0.0023668748,0.002371,0.0023685
256,0.5,192,0.0023607032,0.0023695,0.002359
256,0.5,193,0.0023545793,0.0023465,0.0023865
256,0.5,194,0.0023485029,0.002392,0.0023935
256,0.5,195,0.0023424735,0.002401,0.0023985
256,0.5,196,0.0023364902,0.0023065,0.002302
256,0.5,197,0.0023305523,0.0023765,0.002329
256,0.5,198,0.0023246596,0.0023195,0.0023125
256,0.5,199,0.0023188114,0.002296,0.002371
256,0.5,200,0.0023130071,0.00238,0.00235
256,0.5,201,0.0023072462,0.0023165,0.002326
256,0.5,202,0.0023015281,0.0022805,0.002292
256,0.5,203,0.0022958524,0.002316,0.0022845
256,0.5,204,0.0022902184,0.002267,0.002268
256,0.5,205,0.0022846258,0.002262,0.0022565
256,0.5,206,0.0022790737,0.0022915,0.0022485
256,0.5,207,0.0022735621,0.002262,0.002335
256,0.5,208,0.0022680901,0.0022755,0.002213
256,0.5,209,0.0022626575,0.0022095,0.002221
256,0.5,210,0.002257264,0.002275,0.002269
256,0.5,211,0.0022519086,0.002301,0.002295
256,0.5,212,0.0022465913,0.0022935,0.0022685
256,0.5,213,0.0022413114,0.002287,0.002259
256,0.5,214,0.0022360685,0.0022465,0.002262
256,0.5,215,0.0022308624,0.0021745,0.0021285
256,0.5,216,0.0022256922,0.002205,0.0022555
256,0.5,217,0.002220558,0.002237,0.002227
256,0.5,218,0.002215459,0.0021975,0.0022314999
256,0.5,219,0.0022103952,0.0021555,0.002216
256,0.5,220,0.002205366,0.002151,0.002195
256,0.5,221,0.002200371,0.0021565,0.0021675
256,0.5,222,0.0021954093,0.002163,0.002218
256,0.5,223,0.0021904814,0.0021505,0.002236
256,0.5,224,0.0021855864,0.0021775,0.00216
256,0.5,225,0.002180724,0.0021385,0.0022035
256,0.5,226,0.002175894,0.0021815,0.0021735
256,0.5,227,0.0021710962,0.002193,0.002164
256,0.5,228,0.0021663297,0.002159,0.002137
256,0.5,229,0.0021615946,0.002168,0.002143
256,0.5,230,0.0021568905,0.002114,0.002133
256,0.5,231,0.0021522166,0.002104,0.0021445
256,0.5,232,0.0021475733,0.002203,0.002122
256,0.5,233,0.0021429597,0.002135,0.002184
256,0.5,234,0.0021383762,0.0022085,0.0021865
256,0.5,235,0.0021338214,0.002104,0.0020855
256,0.5,236,0.0021292956,0.0020615,0.002137
256,0.5,237,0.0021247987,0.002074,0.002131
256,0.5,238,0.0021203302,0.0021075,0.002098
256,0.5,239,0.0021158897,0.002042,0.002153
256,0.5,240,0.002111477,0.0021125,0.0021375
256,0.5,241,0.002107092,0.002111,0.002124
256,0.5,242,0.0021027338,0.0021345,0.0021425
256,0.5,243,0.0020984027,0.002069,0.002078
256,0.5,244,0.0020940984,0.0020885,0.0020675
256,0.5,245,0.0020898203,0.002091,0.002106
256,0.5,246,0.0020855684,0.0020815,0.002077
256,0.5,247,0.0020813423,0.0020745,0.0021205
256,0.5,248,0.0020771418,0.002107,0.002063
256,0.5,249,0.0020729667,0.0020855,0.0020885
256,0.5,250,0.0020688165,0.0020865,0.0020715
256,0.5,251,0.0020646914,0.0020585,0.0020935
256,0.5,252,0.0020605905,0.002065,0.0021185
256,0.5,253,0.0020565141,0.002078,0.002024
256,0.5,254,0.0020524622,0.0020425,0.0020625
256,0.5,255,0.0020484335,0.002047,0.0020545
256,0.5,256,0.0020444288,0.0020555,0.002062
256,1.0,1,0.16328277,0.1636425,0.163097
256,1.0,2,0.08164138,0.0817425,0.0813565
256,1.0,3,0.054427594,0.054414,0.0541895
256,1.0,4,0.04082069,0.040785,0.041045498
256,1.0,5,0.032656554,0.032586,0.0327655
256,1.0,6,0.027213797,0.02726,0.0272775
256,1.0,7,0.023326112,0.0232465,0.0232735
256,1.0,8,0.020410346,0.020293,0.0202765
256,1.0,9,0.01814253,0.0181225,0.0179645
256,1.0,10,0.016328277,0.016305,0.016409
256,1.0,11,0.014843889,0.0148105,0.0147615
256,1.0,12,0.0136068985,0.0135925,0.013722
256,1.0,13,0.012560214,0.0125735,0.0125965
256,1.0,14,0.011663056,0.0116275,0.0116485
256,1.0,15,0.010885519,0.0108235,0.0108555
256,1.0,16,0.010205173,0.010252,0.010224
256,1.0,17,0.009604869,0.0096355,0.0097355
256,1.0,18,0.009071265,0.009016,0.0091595
256,1.0,19,0.00859383,0.0085695,0.008523
256,1.0,20,0.0081641385,0.008134,0.0081255
256,1.0,21,0.00777537,0.007793,0.007723
256,1.0,22,0.0074219443,0.007554,0.007532
256,1.0,23,0.0070992513,0.0070355,0.007101
256,1.0,24,0.0068034492,0.0067559998,0.0069
256,1.0,25,0.0065313107,0.006567,0.0066649998
256,1.0,26,0.006280107,0.0063705,0.0063265
256,1.0,27,0.00604751,0.0060865,0.0061125
256,1.0,28,0.005831528,0.005759,0.005895
256,1.0,29,0.0056304405,0.0056065,0.005602
256,1.0,30,0.0054427595,0.0053795,0.005342
256,1.0,31,0.005267186,0.005211,0.0052765
256,1.0,32,0.0051025865,0.005076,0.0050965
256,1.0,33,0.0049479627,0.004958,0.00502
256,1.0,34,0.0048024347,0.0047935,0.004786
256,1.0,35,0.004665222,0.0045695,0.0046425
256,1.0,36,0.0045356327,0.0044955,0.0045925
256,1.0,37,0.004413048,0.004409,0.004387
256,1.0,38,0.004296915,0.0044015,0.00424
256,1.0,39,0.004186738,0.0042685,0.0042055
256,1.0,40,0.0040820693,0.004084,0.004022
256,1.0,41,0.0039825067,0.0039975,0.0039765
256,1.0,42,0.003887685,0.003899,0.003818
256,1.0,43,0.0037972739,0.0037914999,0.003846
256,1.0,44,0.0037109721,0.0037135,0.003729
256,1.0,45,0.003628506,0.003641,0.003675
256,1.0,46,0.0035496256,0.0035215,0.003558
256,1.0,47,0.0034741014,0.003462,0.0034975
256,1.0,48,0.0034017246,0.0034565,0.0034025
256,1.0,49,0.0033323015,0.003273,0.0033
256,1.0,50,0.0032656554,0.003268,0.003329
256,1.0,51,0.003201623,0.0032615,0.0032415
256,1.0,52,0.0031400535,0.003188,0.00316
256,1.0,53,0.0030808072,0.003143,0.0030285
256,1.0,54,0.003023755,0.002939,0.0029915
256,1.0,55,0.0029687777,0.0029555,0.0029765
256,1.0,56,0.002915764,0.002967,0.0028655
256,1.0,57,0.0028646102,0.002893,0.002793
256,1.0,58,0.0028152203,0.0028315,0.0028075
256,1.0,59,0.0027675047,0.0027535,0.0027105
256,1.0,60,0.0027213797,0.0027165,0.002765
256,1.0,61,0.0026767666,0.002662,0.002641
256,1.0,62,0.002633593,0.0026355,0.0026845
256,1.0,63,0.0025917902,0.0025655,0.0024875
256,1.0,64,0.0025512932,0.002546,0.002506
256,1.0,65,0.0025120426,0.002555,0.002463
256,1.0,66,0.0024739814,0.0024575,0.002453
256,1.0,67,0.0024370563,0.002447,0.002448
256,1.0,68,0.0024012174,0.0024435,0.002383
256,1.0,69,0.002366417,0.002373,0.002363
256,1.0,70,0.002332611,0.0022975,0.002346
256,1.0,71,0.0022997572,0.002316,0.002372
256,1.0,72,0.0022678163,0.0022865,0.0021905
256,1.0,73,0.0022367502,0.0022745,0.002285
256,1.0,74,0.002206524,0.0022045,0.0021905
256,1.0,75,0.0021771037,0.00217,0.0021885
256,1.0,76,0.0021484576,0.0021325,0.0022025
256,1.0,77,0.0021205554,0.0021335,0.002069
256,1.0,78,0.002093369,0.002017,0.002143
256,1.0,79,0.0020668707,0.0020405,0.002064
256,1.0,80,0.0020410346,0.0021015,0.002074
256,1.0,81,0.0020158368,0.001951,0.00203
256,1.0,82,0.0019912533,0.0019765,0.0019645
256,1.0,83,0.0019672622,0.002037,0.0019475
256,1.0,84,0.0019438425,0.001908,0.0019465
256,1.0,85,0.0019209739,0.001974,0.001894
256,1.0,86,0.0018986369,0.0019339999,0.0018695
256,1.0,87,0.0018768135,0.0018275,0.001886
256,1.0,88,0.0018554861,0.0018085,0.001863
256,1.0,89,0.001834638,0.0018195,0.00184
256,1.0,90,0.001814253,0.0018655,0.0017635
256,1.0,91,0.0017943162,0.0017735,0.0018485
256,1.0,92,0.0017748128,0.00176,0.001804
256,1.0,93,0.0017557287,0.0017495,0.001802
256,1.0,94,0.0017370507,0.001721,0.0017035
256,1.0,95,0.001718766,0.0017325,0.00174
256,1.0,96,0.0017008623,0.001727,0.0017044999
256,1.0,97,0.0016833275,0.0017365,0.001686
256,1.0,98,0.0016661508,0.001658,0.00168
256,1.0,99,0.0016493209,0.0016555,0.0016095
256,1.0,100,0.0016328277,0.001587,0.001648
256,1.0,101,0.0016166611,0.0016124999,0.001644
256,1.0,102,0.0016008115,0.0016375,0.00161
256,1.0,103,0.0015852697,0.0015705,0.0015875
256,1.0,104,0.0015700267,0.001598,0.001522
256,1.0,105,0.0015550741,0.0015845,0.0015485
256,1.0,106,0.0015404036,0.001547,0.001566
256,1.0,107,0.0015260072,0.001548,0.0015155
256,1.0,108,0.0015118775,0.0015165,0.0015225
256,1.0,109,0.001498007,0.0014955,0.0014935
256,1.0,110,0.0014843888,0.001474,0.0015015
256,1.0,111,0.001471016,0.001509,0.0015225
256,1.0,112,0.001457882,0.0014685,0.0014455
256,1.0,113,0.0014449803,0.0014855,0.001506
256,1.0,114,0.0014323051,0.001403,0.00142
256,1.0,115,0.0014198502,0.001436,0.0014005
256,1.0,116,0.0014076101,0.001451,0.00143
256,1.0,117,0.0013955793,0.0013825,0.0013645
256,1.0,118,0.0013837523,0.0013845,0.0013834999
256,1.0,119,0.0013721242,0.001349,0.0014105
256,1.0,120,0.0013606899,0.0013655,0.001376
256,1.0,121,0.0013494444,0.001401,0.0014055
256,1.0,122,0.0013383833,0.00134,0.0013105
256,1.0,123,0.0013275022,0.001346,0.00134
256,1.0,124,0.0013167965,0.001306,0.001317
256,1.0,125,0.0013062622,0.0013065,0.0012985
256,1.0,126,0.0012958951,0.0013085,0.0013005
256,1.0,127,0.0012856912,0.001305,0.0012905
256,1.0,128,0.0012756466,0.00124,0.0012485
256,1.0,129,0.001265758,0.0012825,0.0012635
256,1.0,130,0.0012560213,0.001233,0.0012405
256,1.0,131,0.0012464334,0.0012255,0.001214
256,1.0,132,0.0012369907,0.0012495,0.0012435
256,1.0,133,0.00122769,0.001219,0.001209
256,1.0,134,0.0012185281,0.001212,0.0012745
256,1.0,135,0.001209502,0.0012155,0.0011735
256,1.0,136,0.0012006087,0.0011935,0.001202
256,1.0,137,0.001191845,0.001123,0.00117
256,1.0,138,0.0011832085,0.001221,0.0011585
256,1.0,139,0.0011746963,0.0011725,0.0012045
256,1.0,140,0.0011663055,0.0011635,0.001148
256,1.0,141,0.0011580338,0.001179,0.001178
256,1.0,142,0.0011498786,0.001197,0.00119
256,1.0,143,0.0011418376,0.0011705,0.0011405
256,1.0,144,0.0011339082,0.001155,0.001107
256,1.0,145,0.0011260881,0.0011389999,0.0011675
256,1.0,146,0.0011183751,0.0011445,0.001125
256,1.0,147,0.0011107671,0.001101,0.0011645
256,1.0,148,0.001103262,0.0011115,0.001049
256,1.0,149,0.0010958576,0.001038,0.001061
256,1.0,150,0.0010885518,0.0010774999,0.001035
256,1.0,151,0.0010813428,0.0011125,0.0011285
256,1.0,152,0.0010742288,0.0010665,0.001043
256,1.0,153,0.0010672077,0.0010475,0.0010895
256,1.0,154,0.0010602777,0.00108,0.0010655
256,1.0,155,0.0010534372,0.001032,0.0010469999
256,1.0,156,0.0010466845,0.001041,0.0010675
256,1.0,157,0.0010400177,0.0009935,0.0010705
256,1.0,158,0.0010334353,0.001028,0.0010185
256,1.0,159,0.0010269356,0.0010135,0.0009985
256,1.0,160,0.0010205173,0.000971,0.001022
256,1.0,161,0.0010141787,0.000994,0.00103
256,1.0,162,0.0010079184,0.0009905,0.000973
256,1.0,163,0.0010017348,0.000988,0.0009715
256,1.0,164,0.0009956267,0.0009905,0.0009815
256,1.0,165,0.0009895925,0.00096,0.001054
256,1.0,166,0.0009836311,0.000966,0.0010305
256,1.0,167,0.0009777412,0.0009885,0.0009695
256,1.0,168,0.00097192125,0.0009835,0.000955
256,1.0,169,0.0009661703,0.000938,0.0009615
256,1.0,170,0.00096048694,0.0009455,0.000942
256,1.0,171,0.00095487,0.000933,0.0009755
256,1.0,172,0.00094931846,0.0009265,0.000979
256,1.0,173,0.00094383105,0.0009665,0.0009245
256,1.0,174,0.00093840674,0.0009485,0.000951
256,1.0,175,0.0009330444,0.0009315,0.000933
256,1.0,176,0.00092774304,0.000932,0.0009135
256,1.0,177,0.00092250155,0.000912,0.0009075
256,1.0,178,0.000917319,0.000927,0.000917
256,1.0,179,0.00091219426,0.0009325,0.0008995
256,1.0,180,0.0009071265,0.000889,0.000891
256,1.0,181,0.0009021148,0.0008795,0.0008885
256,1.0,182,0.0008971581,0.000871,0.000907
256,1.0,183,0.0008922556,0.000896,0.000882
256,1.0,184,0.0008874064,0.000866,0.0008765
256,1.0,185,0.0008826096,0.000899,0.000856
256,1.0,186,0.00087786437,0.000841,0.000877
256,1.0,187,0.0008731699,0.000893,0.00088
256,1.0,188,0.00086852536,0.00089049997,0.000851
256,1.0,189,0.00086393,0.0008765,0.0008725
256,1.0,190,0.000859383,0.0008625,0.000867
256,1.0,191,0.00085488363,0.0008475,0.0008965
256,1.0,192,0.00085043116,0.000869,0.0008645
256,1.0,193,0.0008460247,0.000886,0.0008615
256,1.0,194,0.00084166374,0.0008515,0.000831
256,1.0,195,0.0008373476,0.000801,0.000799
256,1.0,196,0.0008330754,0.0008285,0.0008385
256,1.0,197,0.00082884653,0.00079099997,0.0008405
256,1.0,198,0.00082466047,0.000801,0.000811
256,1.0,199,0.00082051643,0.000788,0.00082149997
256,1.0,200,0.00081641384,0.0008,0.00083699997
256,1.0,201,0.00081235205,0.000818,0.000826
256,1.0,202,0.00080833054,0.0008035,0.00077
256,1.0,203,0.0008043486,0.000802,0.0008025
256,1.0,204,0.00080040575,0.0007585,0.0008205
256,1.0,205,0.00079650135,0.0007755,0.000829
256,1.0,206,0.00079263485,0.000775,0.0007705
256,1.0,207,0.00078880566,0.0007715,0.0008135
256,1.0,208,0.00078501337,0.000779,0.000783
256,1.0,209,0.00078125723,0.000792,0.000797
256,1.0,210,0.00077753706,0.0007675,0.000799
256,1.0,211,0.00077385205,0.000788,0.000763
256,1.0,212,0.0007702018,0.000771,0.0008095
256,1.0,213,0.0007665858,0.0007815,0.000757
256,1.0,214,0.0007630036,0.0007825,0.0007855
256,1.0,215,0.00075945474,0.0007455,0.0007415
256,1.0,216,0.00075593876,0.00076,0.0007655
256,1.0,217,0.00075245515,0.00073749997,0.0007305
256,1.0,218,0.0007490035,0.000746,0.000749
256,1.0,219,0.0007455834,0.0007435,0.00072999997
256,1.0,220,0.0007421944,0.0007415,0.000724
256,1.0,221,0.0007388361,0.000735,0.00076049997
256,1.0,222,0.000735508,0.00074,0.0007105
256,1.0,223,0.00073220977,0.0007275,0.0007405
256,1.0,224,0.000728941,0.000713,0.000716
256,1.0,225,0.0007257012,0.00072999997,0.0007515
256,1.0,226,0.00072249013,0.000737,0.0007305
256,1.0,227,0.00071930734,0.000687,0.0007255
256,1.0,228,0.00071615254,0.000731,0.000705
256,1.0,229,0.0007130252,0.000718,0.000725
256,1.0,230,0.0007099251,0.0007075,0.0007095
256,1.0,231,0.00070685183,0.0007465,0.000722
256,1.0,232,0.00070380507,0.000699,0.000677
256,1.0,233,0.00070078444,0.000695,0.000702
256,1.0,234,0.00069778966,0.000708,0.000723
256,1.0,235,0.0006948203,0.0006975,0.000692
256,1.0,236,0.00069187616,0.000692,0.000703
256,1.0,237,0.0006889568,0.0007,0.000697
256,1.0,238,0.0006860621,0.0006835,0.0006805
256,1.0,239,0.0006831915,0.0006725,0.0006965
256,1.0,240,0.00068034494,0.0006735,0.0006825
256,1.0,241,0.0006775219,0.0006735,0.0007055
256,1.0,242,0.0006747222,0.0007045,0.000702
256,1.0,243,0.00067194557,0.000658,0.0006875
256,1.0,244,0.00066919165,0.00070699997,0.0006735
256,1.0,245,0.00066646026,0.0006795,0.0006265
256,1.0,246,0.0006637511,0.000651,0.0006485
256,1.0,247,0.0006610639,0.000675,0.00067649997
256,1.0,248,0.00065839826,0.0006505,0.0006625
256,1.0,249,0.00065575406,0.0006445,0.0006565
256,1.0,250,0.0006531311,0.0006345,0.000657
256,1.0,251,0.000650529,0.0006565,0.000658
256,1.0,252,0.00064794754,0.0006755,0.0006565
256,1.0,253,0.00064538646,0.000615,0.0006405
256,1.0,254,0.0006428456,0.000665,0.0006525
256,1.0,255,0.0006403246,0.000646,0.0006495
256,1.0,256,0.0006378233,0.00063049997,0.000632
256,1.5,1,0.40201047,0.4023505,0.401701
256,1.5,2,0.14213216,0.1417515,0.1419065
256,1.5,3,0.077366956,0.077477,0.0777425
256,1.5,4,0.05025131,0.0500885,0.0503725
256,1.5,5,0.03595691,0.036065,0.0358365
256,1.5,6,0.02735335,0.0273445,0.0274755
256,1.5,7,0.021706525,0.021798,0.02158
256,1.5,8,0.01776652,0.017758,0.0175945
256,1.5,9,0.0148892775,0.0149465,0.0148485
256,1.5,10,0.012712687,0.0127644995,0.01274
256,1.5,11,0.011019156,0.0109135,0.011088
256,1.5,12,0.009670869,0.009779,0.009583
256,1.5,13,0.008576742,0.0085195,0.008587
256,1.5,14,0.0076744156,0.0076435,0.007749
256,1.5,15,0.0069199107,0.0069605,0.0068945
256,1.5,16,0.0062814136,0.006257,0.0063275
256,1.5,17,0.0057354034,0.0058395,0.0057155
256,1.5,18,0.0052641546,0.0052744998,0.005318
256,1.5,19,0.0048540807,0.0049025,0.0049155
256,1.5,20,0.004494614,0.004538,0.0044635
256,1.5,21,0.004177423,0.00415,0.004229
256,1.5,22,0.00389586,0.0039725,0.003943
256,1.5,23,0.0036445644,0.0036475,0.0036315
256,1.5,24,0.0034191688,0.003396,0.003398
256,1.5,25,0.003216084,0.003189,0.003174
256,1.5,26,0.0030323362,0.003022,0.0030405
256,1.5,27,0.0028654425,0.0028885,0.002846
256,1.5,28,0.0027133157,0.0026645,0.0027059999
256,1.5,29,0.0025741886,0.002597,0.002579
256,1.5,30,0.0024465579,0.002479,0.002505
256,1.5,31,0.002329136,0.0023985,0.0023185
256,1.5,32,0.002220815,0.0022595,0.0022735
256,1.5,33,0.0021206376,0.002098,0.0020615
256,1.5,34,0.0020277714,0.001986,0.001975
256,1.5,35,0.0019414907,0.001948,0.0019555
256,1.5,36,0.0018611597,0.001868,0.001876
256,1.5,37,0.0017862193,0.001764,0.00179
256,1.5,38,0.0017161766,0.0016705,0.0017654999
256,1.5,39,0.0016505948,0.0016365,0.0015985
256,1.5,40,0.0015890859,0.0015145,0.0015905
256,1.5,41,0.0015313046,0.0015145,0.001517
256,1.5,42,0.001476942,0.0014595,0.0014305
256,1.5,43,0.0014257216,0.0014045,0.001492
256,1.5,44,0.0013773945,0.0013485,0.0014139999
256,1.5,45,0.0013317374,0.0013325,0.0013125
256,1.5,46,0.0012885481,0.001282,0.001289
256,1.5,47,0.0012476437,0.001233,0.0012385
256,1.5,48,0.0012088587,0.0011655,0.001241
256,1.5,49,0.0011720422,0.001158,0.0011555
256,1.5,50,0.0011370573,0.0011795,0.0011485
256,1.5,51,0.001103779,0.001107,0.001102
256,1.5,52,0.0010720928,0.0010835,0.001072
256,1.5,53,0.0010418941,0.0010155,0.0010255
256,1.5,54,0.001013087,0.0010275,0.000998
256,1.5,55,0.0009855833,0.0010055,0.000949
256,1.5,56,0.00095930195,0.0009305,0.0009755
256,1.5,57,0.0009341683,0.0009015,0.000914
256,1.5,58,0.00091011316,0.000916,0.00091
256,1.5,59,0.000887073,0.000855,0.000864
256,1.5,60,0.00086498883,0.000866,0.000867
256,1.5,61,0.000843806,0.0008105,0.0008475
256,1.5,62,0.00082347385,0.0008565,0.000805
256,1.5,63,0.00080394535,0.0008145,0.00082149997
256,1.5,64,0.0007851767,0.0008015,0.000753
256,1.5,65,0.0007671271,0.0007735,0.000777
256,1.5,66,0.0007497586,0.000746,0.000781
256,1.5,67,0.0007330358,0.000738,0.000757
256,1.5,68,0.0007169254,0.000734,0.000734
256,1.5,69,0.0007013967,0.0007265,0.0007105
256,1.5,70,0.0006864206,0.0006955,0.0006965
256,1.5,71,0.00067196996,0.0006755,0.000639
256,1.5,72,0.00065801933,0.000636,0.00063
256,1.5,73,0.0006445448,0.000639,0.000654
256,1.5,74,0.0006315239,0.000614,0.000626
256,1.5,75,0.0006189356,0.000569,0.000629
256,1.5,76,0.0006067601,0.0006065,0.0006085
256,1.5,77,0.00059497857,0.0005615,0.000578
256,1.5,78,0.00058357336,0.0005805,0.0006145
256,1.5,79,0.00057252805,0.0005565,0.000563
256,1.5,80,0.00056182675,0.000574,0.0005835
256,1.5,81,0.0005514547,0.0005585,0.00052
256,1.5,82,0.00054139795,0.000528,0.000543
256,1.5,83,0.00053164316,0.000529,0.000524
256,1.5,84,0.0005221779,0.00049299997,0.0005305
256,1.5,85,0.0005129901,0.0004865,0.0005435
256,1.5,86,0.0005040687,0.0005075,0.000505
256,1.5,87,0.00049540284,0.000466,0.0004895
256,1.5,88,0.0004869825,0.000478,0.000491
256,1.5,89,0.00047879803,0.000459,0.000486
256,1.5,90,0.00047084028,0.000482,0.0004715
256,1.5,91,0.00046310056,0.000462,0.0004725
256,1.5,92,0.00045557055,0.0004545,0.000462
256,1.5,93,0.00044824244,0.0004615,0.0004665
256,1.5,94,0.00044110868,0.0004395,0.0004625
256,1.5,95,0.00043416218,0.000432,0.000412
256,1.5,96,0.0004273961,0.0004265,0.000429
256,1.5,97,0.0004208039,0.000434,0.0004145
256,1.5,98,0.0004143795,0.0004085,0.0004515
256,1.5,99,0.0004081169,0.0004335,0.00041849999
256,1.5,100,0.0004020105,0.000389,0.0003935
256,1.5,101,0.00039605485,0.000417,0.0004115
256,1.5,102,0.0003902448,0.000391,0.000388
256,1.5,103,0.00038457545,0.000378,0.00037
256,1.5,104,0.00037904203,0.0003735,0.000377
256,1.5,105,0.00037364004,0.0003725,0.0003755
256,1.5,106,0.0003683652,0.0003705,0.0003785
256,1.5,107,0.00036321327,0.000356,0.0003585
256,1.5,108,0.00035818032,0.000357,0.000347
256,1.5,109,0.00035326256,0.000345,0.0003445
256,1.5,110,0.00034845632,0.00035349999,0.000356
256,1.5,111,0.0003437581,0.000335,0.0003245
256,1.5,112,0.00033916446,0.0003305,0.0003395
256,1.5,113,0.00033467225,0.0003405,0.0003405
256,1.5,114,0.00033027836,0.000323,0.0003225
256,1.5,115,0.00032597975,0.0003355,0.0002985
256,1.5,116,0.00032177358,0.000328,0.0003255
256,1.5,117,0.0003176571,0.0003105,0.000346
256,1.5,118,0.00031362765,0.000313,0.000306
256,1.5,119,0.00030968268,0.0003155,0.000297
256,1.5,120,0.00030581973,0.00029999999,0.0003105
256,1.5,121,0.00030203644,0.0003025,0.000317
256,1.5,122,0.00029833047,0.0002935,0.0002785
256,1.5,123,0.0002946997,0.000279,0.0003025
256,1.5,124,0.000291142,0.000285,0.0002765
256,1.5,125,0.0002876553,0.000307,0.000291
256,1.5,126,0.0002842376,0.000292,0.0002805
256,1.5,127,0.0002808871,0.0002665,0.0003025
256,1.5,128,0.00027760188,0.000296,0.0002815
256,1.5,129,0.00027438023,0.000282,0.0002695
256,1.5,130,0.0002712204,0.0002475,0.000289
256,1.5,131,0.00026812076,0.000258,0.0002635
256,1.5,132,0.0002650797,0.000253,0.0002615
256,1.5,133,0.00026209574,0.0002615,0.0002655
256,1.5,134,0.0002591673,0.00027,0.0002655
256,1.5,135,0.000256293,0.000264,0.000241
256,1.5,136,0.00025347143,0.0002495,0.000277
256,1.5,137,0.00025070127,0.0002705,0.0002515
256,1.5,138,0.0002479812,0.0002385,0.0002415
256,1.5,139,0.00024530996,0.000237,0.00025
256,1.5,140,0.00024268634,0.000242,0.000239
256,1.5,141,0.00024010913,0.0002485,0.000228
256,1.5,142,0.00023757725,0.0002675,0.00025
256,1.5,143,0.00023508954,0.000239,0.0002375
256,1.5,144,0.00023264496,0.0002345,0.000233
256,1.5,145,0.00023024244,0.00022449999,0.0002215
256,1.5,146,0.00022788098,0.000211,0.000232
256,1.5,147,0.00022555962,0.0002505,0.0002065
256,1.5,148,0.00022327741,0.000226,0.0002175
256,1.5,149,0.00022103344,0.000221,0.0002425
256,1.5,150,0.00021882678,0.0002025,0.000206
256,1.5,151,0.00021665661,0.0002265,0.000215
256,1.5,152,0.00021452208,0.0002125,0.0002095
256,1.5,153,0.00021242237,0.0002225,0.000244
256,1.5,154,0.00021035668,0.0002165,0.00022
256,1.5,155,0.00020832426,0.000199,0.000205
256,1.5,156,0.00020632434,0.000198,0.0001985
256,1.5,157,0.00020435624,0.0002075,0.000206
256,1.5,158,0.00020241922,0.0001885,0.000213
256,1.5,159,0.00020051262,0.0002125,0.000191
256,1.5,160,0.00019863574,0.000203,0.000208
256,1.5,161,0.00019678797,0.000208,0.000193
256,1.5,162,0.00019496868,0.0001895,0.0002045
256,1.5,163,0.00019317724,0.0001975,0.00020349999
256,1.5,164,0.00019141307,0.0001995,0.0001795
256,1.5,165,0.0001896756,0.0001975,0.000181
256,1.5,166,0.00018796424,0.0001805,0.00019
256,1.5,167,0.00018627847,0.0001795,0.0002
256,1.5,168,0.00018461775,0.000182,0.00018
256,1.5,169,0.00018298156,0.000169,0.000187
256,1.5,170,0.0001813694,0.0001865,0.0001855
256,1.5,171,0.00017978076,0.000178,0.0001805
256,1.5,172,0.0001782152,0.00017099999,0.00019
256,1.5,173,0.0001766722,0.0001705,0.000179
256,1.5,174,0.00017515136,0.000182,0.000166
256,1.5,175,0.00017365221,0.000176,0.0001745
256,1.5,176,0.00017217432,0.000181,0.00017099999
256,1.5,177,0.00017071728,0.0001675,0.000181
256,1.5,178,0.00016928067,0.0001555,0.0001705
256,1.5,179,0.0001678641,0.0001705,0.00018249999
256,1.5,180,0.00016646717,0.00018249999,0.000174
256,1.5,181,0.00016508953,0.0001745,0.0001725
256,1.5,182,0.00016373077,0.0001635,0.000175
256,1.5,183,0.00016239056,0.0001665,0.000164
256,1.5,184,0.00016106851,0.00014999999,0.00016
256,1.5,185,0.00015976431,0.000155,0.0001665
256,1.5,186,0.00015847762,0.0001515,0.0001635
256,1.5,187,0.00015720812,0.000163,0.000165
256,1.5,188,0.00015595547,0.0001705,0.0001465
256,1.5,189,0.00015471935,0.000157,0.0001565
256,1.5,190,0.0001534995,0.0001845,0.000166
256,1.5,191,0.00015229559,0.000144,0.000152
256,1.5,192,0.00015110734,0.0001595,0.000135
256,1.5,193,0.00014993445,0.0001515,0.00013
256,1.5,194,0.00014877664,0.0001455,0.000148
256,1.5,195,0.00014763368,0.000156,0.000145
256,1.5,196,0.00014650528,0.000145,0.000142
256,1.5,197,0.00014539117,0.0001395,0.000148
256,1.5,198,0.00014429112,0.0001385,0.000151
256,1.5,199,0.00014320486,0.0001525,0.000141
256,1.5,200,0.00014213216,0.0001305,0.0001335
256,1.5,201,0.0001410728,0.0001445,0.0001295
256,1.5,202,0.00014002652,0.000144,0.000143
256,1.5,203,0.00013899313,0.000134,0.000144
256,1.5,204,0.00013797237,0.000147,0.000146
256,1.5,205,0.00013696405,0.0001455,0.000132
256,1.5,206,0.00013596796,0.0001265,0.000134
256,1.5,207,0.00013498386,0.000132,0.0001295
256,1.5,208,0.0001340116,0.0001315,0.000139
256,1.5,209,0.00013305094,0.0001335,0.0001325
256,1.5,210,0.0001321017,0.0001275,0.00014
256,1.5,211,0.0001311637,0.0001375,0.0001395
256,1.5,212,0.00013023676,0.0001385,0.0001405
256,1.5,213,0.00012932067,0.0001255,0.0001295
256,1.5,214,0.00012841528,0.000122,0.0001155
256,1.5,215,0.0001275204,0.0001175,0.0001285
256,1.5,216,0.00012663587,0.0001315,0.00013
256,1.5,217,0.00012576151,0.0001305,0.000126
256,1.5,218,0.00012489718,0.0001135,0.000122
256,1.5,219,0.0001240427,0.000117,0.000125
256,1.5,220,0.00012319791,0.0001145,0.000122
256,1.5,221,0.00012236268,0.0001255,0.000116
256,1.5,222,0.00012153684,0.0001265,0.000125
256,1.5,223,0.00012072023,0.0001225,0.000119
256,1.5,224,0.000119912744,0.000124,0.0001215
256,1.5,225,0.000119114215,0.000117,0.000129
256,1.5,226,0.00011832451,0.0001175,0.000117
256,1.5,227,0.000117543495,0.000111,0.000117
256,1.5,228,0.000116771036,0.000119,0.000122
256,1.5,229,0.00011600699,0.000126,0.0001185
256,1.5,230,0.00011525125,0.00013,0.000122
256,1.5,231,0.00011450367,0.000117999996,0.0001085
256,1.5,232,0.000113764145,0.0001155,0.000117999996
256,1.5,233,0.00011303254,0.000115,0.0001045
256,1.5,234,0.00011230876,0.0001125,0.000119
256,1.5,235,0.00011159264,9.25e-05,0.000111
256,1.5,236,0.000110884124,9.9e-05,0.0001015
256,1.5,237,0.000110183064,0.0001205,0.0001105
256,1.5,238,0.000109489374,9.4e-05,0.0001135
256,1.5,239,0.00010880292,0.00011,0.0001015
256,1.5,240,0.000108123604,0.0001245,0.000106
256,1.5,241,0.00010745134,0.000107,0.0001195
256,1.5,242,0.00010678601,0.0001105,0.000103
256,1.5,243,0.0001061275,0.0001115,0.0001165
256,1.5,244,0.00010547575,9.6e-05,0.0001075
256,1.5,245,0.000104830644,9.4e-05,0.0001085
256,1.5,246,0.000104192084,0.0001035,0.000108
256,1.5,247,0.00010355998,0.000117,1e-04
256,1.5,248,0.00010293423,0.0001125,0.0001155
256,1.5,249,0.00010231478,9.5e-05,9.95e-05
256,1.5,250,0.0001017015,0.000106,0.0001015
256,1.5,251,0.00010109433,9.75e-05,0.0001015
256,1.5,252,0.00010049317,0.0001045,9.85e-05
256,1.5,253,9.989795e-05,9.85e-05,0.000101
256,1.5,254,9.930859e-05,0.0001055,8.9e-05
256,1.5,255,9.872499e-05,9.3e-05,0.000109
256,1.5,256,9.814709e-05,9.5e-05,8.65e-05
