alpha,rank,recovered_90,max_cosine,assigned_cosine,expected_exposure
0.0,1,0.9,0.9701856,0.9199549,488281.25
0.0,2,1.0,0.9991399,0.9991399,488281.25
0.0,3,0.8,0.93960726,0.87184346,488281.25
0.0,4,1.0,0.99811745,0.99811745,488281.25
0.0,5,0.9,0.9719346,0.9719346,488281.25
0.0,6,1.0,0.9992549,0.9992549,488281.25
0.0,7,0.9,0.96905965,0.96905965,488281.25
0.0,8,0.8,0.9399546,0.8752551,488281.25
0.0,9,0.9,0.96565706,0.96565706,488281.25
0.0,10,1.0,0.99393785,0.99393785,488281.25
0.0,11,0.8,0.9423048,0.8768425,488281.25
0.0,12,1.0,0.99849784,0.99849784,488281.25
0.0,13,1.0,0.99857026,0.99857026,488281.25
0.0,14,0.8,0.9414875,0.87486565,488281.25
0.0,15,0.9,0.97124326,0.97124326,488281.25
0.0,16,1.0,0.99916124,0.99916124,488281.25
0.0,17,0.8,0.94210845,0.8873989,488281.25
0.0,18,1.0,0.9982066,0.9982066,488281.25
0.0,19,0.8,0.942015,0.942015,488281.25
0.0,20,0.9,0.9687955,0.8984957,488281.25
0.0,21,0.8,0.9410076,0.94100606,488281.25
0.0,22,0.9,0.9696115,0.9696115,488281.25
0.0,23,0.8,0.9394153,0.8699396,488281.25
0.0,24,0.9,0.9685621,0.9011229,488281.25
0.0,25,0.8,0.939511,0.8061818,488281.25
0.0,26,0.7,0.91007936,0.77396,488281.25
0.0,27,0.9,0.9701234,0.900502,488281.25
0.0,28,1.0,0.9989805,0.9989805,488281.25
0.0,29,0.9,0.9697343,0.9697343,488281.25
0.0,30,0.9,0.96970576,0.90605485,488281.25
0.0,31,0.8,0.9424065,0.9424059,488281.25
0.0,32,0.9,0.96759593,0.89850533,488281.25
0.0,33,0.9,0.97085273,0.97085273,488281.25
0.0,34,1.0,0.9992237,0.9992237,488281.25
0.0,35,1.0,0.9983075,0.9983075,488281.25
0.0,36,0.8,0.9429768,0.9429768,488281.25
0.0,37,1.0,0.99901485,0.99901485,488281.25
0.0,38,0.9,0.9697053,0.89994156,488281.25
0.0,39,1.0,0.99979097,0.99979097,488281.25
0.0,40,1.0,0.9997853,0.9997853,488281.25
0.0,41,1.0,0.9990487,0.9990487,488281.25
0.0,42,0.9,0.97053033,0.97053033,488281.25
0.0,43,0.9,0.9702331,0.904739,488281.25
0.0,44,1.0,0.9989441,0.9989441,488281.25
0.0,45,0.9,0.9704938,0.9704938,488281.25
0.0,46,0.8,0.9402422,0.8052584,488281.25
0.0,47,1.0,0.99976987,0.99976987,488281.25
0.0,48,1.0,0.99978864,0.99978864,488281.25
0.0,49,0.7,0.91249835,0.91249835,488281.25
0.0,50,1.0,0.99725866,0.99725866,488281.25
0.0,51,1.0,0.99977005,0.99977005,488281.25
0.0,52,1.0,0.9997927,0.9997927,488281.25
0.0,53,1.0,0.9990659,0.9990659,488281.25
0.0,54,0.9,0.9699214,0.8999244,488281.25
0.0,55,1.0,0.9997864,0.9997864,488281.25
0.0,56,1.0,0.9997861,0.9997861,488281.25
0.0,57,0.9,0.96856654,0.90214825,488281.25
0.0,58,0.9,0.96944886,0.96944886,488281.25
0.0,59,0.7,0.9115367,0.7796399,488281.25
0.0,60,1.0,0.997781,0.997781,488281.25
0.0,61,0.9,0.97042453,0.97042453,488281.25
0.0,62,0.9,0.9709299,0.9709299,488281.25
0.0,63,1.0,0.99914706,0.99914706,488281.25
0.0,64,0.9,0.97054005,0.9028511,488281.25
0.0,65,1.0,0.999798,0.999798,488281.25
0.0,66,1.0,0.9997915,0.9997915,488281.25
0.0,67,0.9,0.9694749,0.9694749,488281.25
0.0,68,0.9,0.97004825,0.97004825,488281.25
0.0,69,0.8,0.93992007,0.8741292,488281.25
0.0,70,0.8,0.94022274,0.87038195,488281.25
0.0,71,0.9,0.97040254,0.97040254,488281.25
0.0,72,1.0,0.99893886,0.99893886,488281.25
0.0,73,0.8,0.9393039,0.8129552,488281.25
0.0,74,0.8,0.93821985,0.8062827,488281.25
0.0,75,0.8,0.94147813,0.87218827,488281.25
0.0,76,1.0,0.9982939,0.9982939,488281.25
0.0,77,1.0,0.99765956,0.9976594,488281.25
0.0,78,0.7,0.9119933,0.77336586,488281.25
0.0,79,0.8,0.94059896,0.94059896,488281.25
0.0,80,0.9,0.96879464,0.96879464,488281.25
0.0,81,0.8,0.94132125,0.87118787,488281.25
0.0,82,0.9,0.93099815,0.89975053,488281.25
0.0,83,0.8,0.9410046,0.87747544,488281.25
0.0,84,0.8,0.9402499,0.9402499,488281.25
0.0,85,0.9,0.9702449,0.9702449,488281.25
0.0,86,0.9,0.97046816,0.90695393,488281.25
0.0,87,0.8,0.93578684,0.8725073,488281.25
0.0,88,0.9,0.9643475,0.89980394,488281.25
0.0,89,0.9,0.97078526,0.97078526,488281.25
0.0,90,0.9,0.9691266,0.9691266,488281.25
0.0,91,0.8,0.94166887,0.94166887,488281.25
0.0,92,0.9,0.9683608,0.90044916,488281.25
0.0,93,0.9,0.9692176,0.90229905,488281.25
0.0,94,0.8,0.93966675,0.8706275,488281.25
0.0,95,1.0,0.9985019,0.9985019,488281.25
0.0,96,0.8,0.94090956,0.81429625,488281.25
0.0,97,1.0,0.9982621,0.9982621,488281.25
0.0,98,0.8,0.94159585,0.874231,488281.25
0.0,99,0.9,0.9694832,0.9694832,488281.25
0.0,100,0.9,0.9702147,0.9702147,488281.25
0.0,101,0.9,0.96941674,0.9084121,488281.25
0.0,102,0.9,0.97094667,0.97094667,488281.25
0.0,103,1.0,0.9991412,0.9991412,488281.25
0.0,104,0.9,0.96977484,0.9030714,488281.25
0.0,105,1.0,0.9982724,0.9982724,488281.25
0.0,106,0.8,0.938738,0.87027186,488281.25
0.0,107,0.9,0.9699731,0.8999424,488281.25
0.0,108,1.0,0.99902904,0.99902904,488281.25
0.0,109,1.0,0.99978745,0.99978745,488281.25
0.0,110,1.0,0.9997813,0.9997813,488281.25
0.0,111,1.0,0.9989573,0.9989573,488281.25
0.0,112,0.9,0.9708009,0.9708009,488281.25
0.0,113,1.0,0.9991191,0.9991191,488281.25
0.0,114,0.9,0.9705473,0.9018238,488281.25
0.0,115,1.0,0.99920434,0.99920434,488281.25
0.0,116,0.9,0.97117674,0.97117674,488281.25
0.0,117,0.9,0.9689061,0.9052167,488281.25
0.0,118,0.8,0.9415962,0.9415962,488281.25
0.0,119,1.0,0.99837434,0.99837434,488281.25
0.0,120,0.8,0.9409889,0.80684805,488281.25
0.0,121,0.7,0.9114841,0.77710694,488281.25
0.0,122,0.9,0.9685559,0.90091383,488281.25
0.0,123,0.9,0.9698849,0.9058714,488281.25
0.0,124,0.9,0.969437,0.969437,488281.25
0.0,125,1.0,0.9981843,0.9981843,488281.25
0.0,126,0.8,0.9427825,0.8832858,488281.25
0.0,127,1.0,0.9985768,0.9985768,488281.25
0.0,128,0.8,0.94053876,0.8004346,488281.25
0.0,129,0.8,0.94183177,0.81175804,488281.25
0.0,130,1.0,0.9985851,0.9985851,488281.25
0.0,131,1.0,0.9997778,0.9997778,488281.25
0.0,132,1.0,0.9997862,0.99978274,488281.25
0.0,133,1.0,0.99909437,0.99909437,488281.25
0.0,134,0.9,0.9706047,0.905846,488281.25
0.0,135,1.0,0.99471533,0.99471533,488281.25
0.0,136,1.0,0.9944423,0.9944423,488281.25
0.0,137,1.0,0.9984043,0.9984043,488281.25
0.0,138,0.8,0.941738,0.8767891,488281.25
0.0,139,0.8,0.941059,0.87098205,488281.25
0.0,140,1.0,0.9982769,0.9982769,488281.25
0.0,141,0.8,0.9414646,0.9414646,488281.25
0.0,142,1.0,0.9978402,0.9978402,488281.25
0.0,143,0.8,0.9397415,0.9397415,488281.25
0.0,144,0.9,0.9675528,0.8986726,488281.25
0.0,145,0.8,0.94194394,0.87378466,488281.25
0.0,146,1.0,0.9983471,0.9983471,488281.25
0.0,147,0.7,0.9139532,0.9139532,488281.25
0.0,148,1.0,0.99768555,0.99768555,488281.25
0.0,149,0.8,0.9403178,0.8758418,488281.25
0.0,150,0.9,0.9687971,0.9687971,488281.25
0.0,151,0.9,0.9706348,0.9050156,488281.25
0.0,152,1.0,0.9988683,0.9988683,488281.25
0.0,153,1.0,0.9997867,0.9997839,488281.25
0.0,154,1.0,0.99979734,0.99979734,488281.25
0.0,155,0.9,0.9317843,0.89951897,488281.25
0.0,156,0.8,0.9418298,0.9418298,488281.25
0.0,157,1.0,0.9974438,0.9974438,488281.25
0.0,158,0.7,0.91204387,0.84187067,488281.25
0.0,159,0.9,0.9638419,0.9638419,488281.25
0.0,160,1.0,0.99430704,0.99430704,488281.25
0.0,161,0.9,0.9701225,0.9701225,488281.25
0.0,162,0.9,0.9687853,0.90087396,488281.25
0.0,163,0.9,0.96907246,0.89964044,488281.25
0.0,164,0.9,0.9696609,0.9696609,488281.25
0.0,165,0.8,0.94012415,0.8705443,488281.25
0.0,166,0.9,0.96838534,0.8994554,488281.25
0.0,167,0.9,0.9694648,0.9694648,488281.25
0.0,168,0.9,0.9698194,0.9698194,488281.25
0.0,169,1.0,0.99896955,0.99896955,488281.25
0.0,170,0.9,0.9698474,0.90503293,488281.25
0.0,171,0.8,0.9398737,0.870077,488281.25
0.0,172,1.0,0.9982441,0.9982441,488281.25
0.0,173,0.9,0.9699252,0.9039582,488281.25
0.0,174,0.9,0.9698,0.8992363,488281.25
0.0,175,1.0,0.9997802,0.9997802,488281.25
0.0,176,1.0,0.9997861,0.9997861,488281.25
0.0,177,1.0,0.9991601,0.9991601,488281.25
0.0,178,0.9,0.9707143,0.9707143,488281.25
0.0,179,0.9,0.9702028,0.9702028,488281.25
0.0,180,0.9,0.9693041,0.89901847,488281.25
0.0,181,1.0,0.9997864,0.9997864,488281.25
0.0,182,1.0,0.99978817,0.9997854,488281.25
0.0,183,1.0,0.997443,0.997443,488281.25
0.0,184,0.7,0.91280067,0.8546384,488281.25
0.0,185,0.9,0.97076416,0.97076416,488281.25
0.0,186,0.9,0.9691207,0.89923334,488281.25
0.0,187,1.0,0.99894905,0.998948,488281.25
0.0,188,0.9,0.97098434,0.90915793,488281.25
0.0,189,1.0,0.9991809,0.9991809,488281.25
0.0,190,0.9,0.97121096,0.97121096,488281.25
0.0,191,1.0,0.99976397,0.99976385,488281.25
0.0,192,1.0,0.9997991,0.9997991,488281.25
0.0,193,0.7,0.91017836,0.8412116,488281.25
0.0,194,0.9,0.96747416,0.9009352,488281.25
0.0,195,0.9,0.9703007,0.9703007,488281.25
0.0,196,0.9,0.968588,0.8991626,488281.25
0.0,197,0.7,0.91095,0.78173006,488281.25
0.0,198,1.0,0.9974705,0.9974705,488281.25
0.0,199,0.9,0.9710351,0.9028781,488281.25
0.0,200,1.0,0.99905443,0.99905443,488281.25
0.0,201,0.9,0.9701282,0.9043474,488281.25
0.0,202,1.0,0.9989667,0.9989667,488281.25
0.0,203,0.9,0.9686736,0.89873904,488281.25
0.0,204,0.8,0.9407965,0.9407965,488281.25
0.0,205,0.9,0.9703555,0.9703555,488281.25
0.0,206,0.9,0.9701916,0.9701916,488281.25
0.0,207,1.0,0.9997606,0.9997606,488281.25
0.0,208,1.0,0.99977434,0.99977416,488281.25
0.0,209,0.8,0.9390665,0.80404437,488281.25
0.0,210,0.9,0.9701087,0.9701087,488281.25
0.0,211,1.0,0.9997753,0.9997753,488281.25
0.0,212,1.0,0.99979055,0.99978954,488281.25
0.0,213,0.8,0.93856716,0.8007541,488281.25
0.0,214,0.7,0.912289,0.84741575,488281.25
0.0,215,1.0,0.9997834,0.9997834,488281.25
0.0,216,1.0,0.99980414,0.99980414,488281.25
0.0,217,0.9,0.97079927,0.9037539,488281.25
0.0,218,1.0,0.9990956,0.9990956,488281.25
0.0,219,0.8,0.94011575,0.94011575,488281.25
0.0,220,0.8,0.9404386,0.87657326,488281.25
0.0,221,0.8,0.94035566,0.8060802,488281.25
0.0,222,0.8,0.9018183,0.80587023,488281.25
0.0,223,0.9,0.96905375,0.96905375,488281.25
0.0,224,0.8,0.9393953,0.8709583,488281.25
0.0,225,0.9,0.96925104,0.9154252,488281.25
0.0,226,0.9,0.9702832,0.9702832,488281.25
0.0,227,1.0,0.99848527,0.99848527,488281.25
0.0,228,0.8,0.940584,0.8856928,488281.25
0.0,229,0.8,0.9397729,0.80652285,488281.25
0.0,230,0.9,0.96812296,0.90180624,488281.25
0.0,231,0.9,0.9693123,0.9015797,488281.25
0.0,232,0.8,0.9019917,0.8074053,488281.25
0.0,233,0.9,0.97121793,0.97121793,488281.25
0.0,234,0.9,0.97021294,0.97021294,488281.25
0.0,235,0.9,0.96999323,0.90051377,488281.25
0.0,236,1.0,0.99897796,0.99897563,488281.25
0.0,237,0.9,0.9692176,0.9692176,488281.25
0.0,238,1.0,0.9992231,0.9992231,488281.25
0.0,239,0.9,0.96970356,0.90360844,488281.25
0.0,240,0.8,0.93993586,0.8698171,488281.25
0.0,241,1.0,0.99980295,0.99980295,488281.25
0.0,242,1.0,0.9997972,0.9997972,488281.25
0.0,243,1.0,0.9997837,0.9997837,488281.25
0.0,244,1.0,0.99978316,0.99978316,488281.25
0.0,245,0.9,0.96912557,0.8986095,488281.25
0.0,246,0.8,0.94197524,0.94197524,488281.25
0.0,247,0.9,0.9684957,0.9684957,488281.25
0.0,248,0.8,0.9401997,0.80241215,488281.25
0.0,249,0.8,0.94006956,0.8003556,488281.25
0.0,250,1.0,0.99834967,0.99834967,488281.25
0.0,251,1.0,0.999156,0.999156,488281.25
0.0,252,0.9,0.969849,0.899971,488281.25
0.0,253,0.8,0.9407369,0.8733438,488281.25
0.0,254,0.8,0.94048405,0.8801176,488281.25
0.0,255,1.0,0.9992272,0.9992272,488281.25
0.0,256,0.9,0.9702039,0.90101326,488281.25
0.5,1,1.0,0.9998396,0.9998396,4088857.8
0.5,2,1.0,0.9998476,0.9998468,2891258.8
0.5,3,1.0,0.99983853,0.9998368,2360703.2
0.5,4,1.0,0.9998355,0.9998355,2044428.9
0.5,5,1.0,0.9998417,0.9998417,1828592.6
0.5,6,1.0,0.9998312,0.9998312,1669269.1
0.5,7,1.0,0.9998334,0.9998334,1545443.0
0.5,8,1.0,0.9998253,0.9998253,1445629.4
0.5,9,1.0,0.9998156,0.9998156,1362952.5
0.5,10,1.0,0.99983454,0.9998323,1293010.2
0.5,11,1.0,0.99081194,0.99081194,1232837.0
0.5,12,1.0,0.9993559,0.9993559,1180351.6
0.5,13,1.0,0.99983007,0.99983007,1134045.1
0.5,14,1.0,0.99983346,0.99983346,1092793.1
0.5,15,1.0,0.9993974,0.9993974,1055738.5
0.5,16,0.9,0.9895935,0.9895935,1022214.44
0.5,17,1.0,0.9994677,0.99946535,991693.7
0.5,18,0.9,0.98854905,0.98854905,963753.0
0.5,19,0.9,0.98901635,0.98901635,938048.25
0.5,20,1.0,0.99937516,0.99937516,914296.3
0.5,21,1.0,0.9998252,0.9998252,892261.9
0.5,22,1.0,0.9998194,0.9998194,871747.4
0.5,23,1.0,0.9998315,0.99982977,852585.75
0.5,24,1.0,0.9998267,0.9998267,834634.56
0.5,25,1.0,0.99983823,0.99983823,817771.56
0.5,26,1.0,0.99981105,0.99981105,801891.0
0.5,27,0.9,0.984225,0.984225,786901.06
0.5,28,1.0,0.9992868,0.9992868,772721.5
0.5,29,0.9,0.98619735,0.9861919,759281.8
0.5,30,1.0,0.9994315,0.9994315,746519.9
0.5,31,1.0,0.99982375,0.99982375,734380.56
0.5,32,1.0,0.9998353,0.9998353,722814.7
0.5,33,0.9,0.98320407,0.98320407,711778.75
0.5,34,1.0,0.999286,0.999286,701233.25
0.5,35,1.0,0.9998213,0.9998213,691143.1
0.5,36,1.0,0.9998099,0.9998099,681476.25
0.5,37,1.0,0.99981344,0.99981344,672204.06
0.5,38,1.0,0.99983215,0.99983215,663300.25
0.5,39,0.9,0.9772464,0.9772464,654741.2
0.5,40,0.9,0.9786453,0.9786453,646505.1
0.5,41,0.9,0.982811,0.982811,638572.3
0.5,42,1.0,0.9993657,0.9993657,630924.44
0.5,43,1.0,0.9998247,0.9998247,623545.0
0.5,44,1.0,0.99982566,0.99982566,616418.5
0.5,45,1.0,0.9998104,0.9998104,609530.9
0.5,46,1.0,0.9998088,0.9998088,602869.2
0.5,47,0.8,0.9660937,0.9660937,596421.2
0.5,48,1.0,0.99878234,0.99878234,590175.8
0.5,49,1.0,0.9998166,0.9998166,584122.56
0.5,50,1.0,0.9998167,0.9998167,578251.8
0.5,51,1.0,0.99983656,0.99983656,572554.56
0.5,52,1.0,0.9998032,0.9998032,567022.56
0.5,53,1.0,0.99982846,0.99982846,561647.8
0.5,54,1.0,0.9998142,0.9998142,556423.06
0.5,55,0.8,0.961376,0.961376,551341.5
0.5,56,1.0,0.9988163,0.9988163,546396.56
0.5,57,1.0,0.9959855,0.9959855,541582.44
0.5,58,0.9,0.97845805,0.97845805,536893.3
0.5,59,0.9,0.98053634,0.98053634,532323.9
0.5,60,0.9,0.98134136,0.98134136,527869.25
0.5,61,1.0,0.99927217,0.99927217,523524.6
0.5,62,0.9,0.9802209,0.9802207,519285.44
0.5,63,0.9,0.98037946,0.98037946,515147.62
0.5,64,0.9,0.9763851,0.9763851,511107.22
0.5,65,1.0,0.99981403,0.99981403,507160.3
0.5,66,1.0,0.999819,0.999819,503303.6
0.5,67,0.8,0.9476903,0.9476903,499533.5
0.5,68,0.8,0.94398576,0.87390125,495846.84
0.5,69,0.8,0.94624424,0.94624424,492240.6
0.5,70,0.9,0.9779148,0.9779121,488711.94
0.5,71,1.0,0.9992261,0.9992261,485258.12
0.5,72,0.9,0.97600186,0.97600186,481876.5
0.5,73,1.0,0.9992177,0.9992172,478564.6
0.5,74,0.9,0.9778368,0.9778368,475320.03
0.5,75,1.0,0.9998026,0.9998026,472140.62
0.5,76,1.0,0.9998218,0.9998218,469024.12
0.5,77,0.8,0.9511401,0.9511401,465968.56
0.5,78,1.0,0.9984585,0.9984585,462971.97
0.5,79,1.0,0.9998208,0.9998208,460032.44
0.5,80,1.0,0.99982387,0.99982387,457148.16
0.5,81,1.0,0.99981576,0.99981576,454317.53
0.5,82,1.0,0.9998291,0.9998291,451538.8
0.5,83,0.9,0.9777643,0.9777643,448810.44
0.5,84,1.0,0.9993542,0.9993542,446130.94
0.5,85,0.9,0.97176284,0.97176284,443498.88
0.5,86,1.0,0.99907637,0.99907637,440912.84
0.5,87,0.9,0.9755182,0.9755182,438371.56
0.5,88,0.9,0.9746731,0.9746731,435873.7
0.5,89,1.0,0.99935275,0.99935275,433418.06
0.5,90,0.9,0.9784487,0.9784487,431003.47
0.5,91,1.0,0.99768496,0.99768496,428628.75
0.5,92,0.7,0.92291564,0.85773104,426292.88
0.5,93,1.0,0.9998005,0.9998005,423994.78
0.5,94,1.0,0.9998236,0.9998236,421733.44
0.5,95,1.0,0.99925995,0.99925995,419507.94
0.5,96,0.9,0.9756938,0.9756938,417317.28
0.5,97,1.0,0.9983163,0.9983163,415160.62
0.5,98,0.8,0.94718635,0.87948036,413037.0
0.5,99,0.9,0.9754626,0.9754626,410945.66
0.5,100,1.0,0.99924374,0.99924374,408885.78
0.5,101,0.9,0.97112435,0.97112435,406856.56
0.5,102,0.9,0.974305,0.97430325,404857.25
0.5,103,1.0,0.9993067,0.9993067,402887.12
0.5,104,0.9,0.9747361,0.9747361,400945.5
0.5,105,1.0,0.99625033,0.99625033,399031.62
0.5,106,1.0,0.9962717,0.9962717,397144.97
0.5,107,0.8,0.9513114,0.9513114,395284.78
0.5,108,0.9,0.97715646,0.97715646,393450.53
0.5,109,1.0,0.99862003,0.99861956,391641.5
0.5,110,0.8,0.94789827,0.88836783,389857.28
0.5,111,1.0,0.9985964,0.9985964,388097.2
0.5,112,0.8,0.9512909,0.9512909,386360.75
0.5,113,1.0,0.9952161,0.9952161,384647.4
0.5,114,0.8,0.93553686,0.8687371,382956.62
0.5,115,0.9,0.9739334,0.9739334,381287.94
0.5,116,0.9,0.9667357,0.9005388,379640.9
0.5,117,0.9,0.97339267,0.97339267,378015.0
0.5,118,0.8,0.9476121,0.9476121,376409.84
0.5,119,0.9,0.9654039,0.89974976,374824.94
0.5,120,0.9,0.969539,0.969539,373259.94
0.5,121,1.0,0.9991539,0.9991539,371714.34
0.5,122,0.9,0.97275543,0.97275543,370187.78
0.5,123,0.9,0.96562225,0.90062225,368679.9
0.5,124,1.0,0.9989085,0.9989085,367190.28
0.5,125,0.9,0.97196895,0.97196895,365718.53
0.5,126,0.9,0.97535896,0.97535896,364264.38
0.5,127,0.8,0.9345048,0.8739169,362827.44
0.5,128,1.0,0.9934848,0.9934848,361407.34
0.5,129,0.8,0.9477251,0.9477251,360003.84
0.5,130,0.9,0.97240907,0.97240907,358616.5
0.5,131,1.0,0.9993569,0.9993569,357245.16
0.5,132,0.9,0.974789,0.974789,355889.38
0.5,133,0.9,0.9734338,0.9734338,354548.94
0.5,134,1.0,0.9991767,0.9991767,353223.5
0.5,135,0.9,0.97148466,0.97148466,351912.88
0.5,136,1.0,0.99912673,0.99912584,350616.62
0.5,137,1.0,0.99981594,0.99981594,349334.7
0.5,138,1.0,0.9998102,0.9998102,348066.7
0.5,139,1.0,0.99518996,0.99518996,346812.38
0.5,140,1.0,0.9956478,0.9956478,345571.56
0.5,141,0.9,0.9725628,0.9079135,344343.94
0.5,142,1.0,0.99917763,0.99917763,343129.3
0.5,143,1.0,0.9990076,0.9990076,341927.47
0.5,144,0.9,0.963617,0.90029526,340738.12
0.5,145,1.0,0.99922097,0.99922097,339561.16
0.5,146,0.9,0.97097385,0.97097385,338396.25
0.5,147,0.9,0.95955527,0.8964712,337243.3
0.5,148,0.9,0.96593875,0.96593875,336102.03
0.5,149,0.9,0.9703294,0.9703294,334972.28
0.5,150,0.9,0.9683876,0.91331065,333853.8
0.5,151,0.9,0.96960336,0.8999502,332746.53
0.5,152,1.0,0.999056,0.999056,331650.12
0.5,153,0.9,0.96583766,0.90004027,330564.56
0.5,154,1.0,0.999025,0.999025,329489.53
0.5,155,1.0,0.99982435,0.99982435,328424.94
0.5,156,1.0,0.99980605,0.99980605,327370.6
0.5,157,1.0,0.99824905,0.99824905,326326.38
0.5,158,0.8,0.9387638,0.88048154,325292.06
0.5,159,0.8,0.93410647,0.8061372,324267.53
0.5,160,1.0,0.99446046,0.99446046,323252.56
0.5,161,1.0,0.9941845,0.9941845,322247.16
0.5,162,0.9,0.96850574,0.96850574,321251.0
0.5,163,0.9,0.9685451,0.900422,320264.06
0.5,164,1.0,0.9989465,0.9989465,319286.16
0.5,165,0.8,0.9427511,0.9427511,318317.16
0.5,166,0.9,0.968582,0.8984534,317356.9
0.5,167,1.0,0.9982797,0.9982797,316405.3
0.5,168,0.8,0.9322817,0.80225736,315462.22
0.5,169,1.0,0.99980956,0.99980956,314527.53
0.5,170,1.0,0.99982834,0.99982834,313601.1
0.5,171,1.0,0.99905634,0.99905634,312682.75
0.5,172,0.9,0.9660676,0.8999545,311772.5
0.5,173,0.7,0.8770568,0.8470793,310870.1
0.5,174,1.0,0.9985058,0.9985055,309975.53
0.5,175,0.9,0.9534745,0.9000944,309088.62
0.5,176,1.0,0.99897337,0.99897337,308209.25
0.5,177,0.8,0.9388075,0.875214,307337.34
0.5,178,0.9,0.96389264,0.89849824,306472.8
0.5,179,0.9,0.96394175,0.89709723,305615.56
0.5,180,0.9,0.96478665,0.90498555,304765.44
0.5,181,0.8,0.94043255,0.820506,303922.4
0.5,182,0.9,0.9610422,0.8986152,303086.3
0.5,183,0.9,0.96180075,0.9002576,302257.06
0.5,184,0.9,0.9290906,0.8995001,301434.6
0.5,185,0.9,0.9665998,0.8996956,300618.78
0.5,186,0.9,0.96417105,0.8991539,299809.6
0.5,187,0.8,0.9334831,0.86948216,299006.88
0.5,188,0.5,0.8217662,0.58134836,298210.6
0.5,189,1.0,0.99982166,0.99982166,297420.62
0.5,190,1.0,0.99982417,0.99982417,296636.94
0.5,191,1.0,0.99835145,0.99835145,295859.34
0.5,192,0.8,0.9383925,0.87259275,295087.9
0.5,193,0.9,0.96821564,0.91689026,294322.4
0.5,194,0.5,0.8053975,0.5940177,293562.84
0.5,195,0.9,0.97126627,0.97126627,292809.2
0.5,196,0.8,0.9386796,0.8711983,292061.28
0.5,197,0.9,0.9677064,0.9677064,291319.03
0.5,198,0.9,0.97050154,0.97050154,290582.44
0.5,199,1.0,0.99983025,0.9998293,289851.4
0.5,200,0.9,0.930261,0.9243558,289125.9
0.5,201,1.0,0.9983966,0.9983966,288405.78
0.5,202,0.8,0.94256866,0.94256866,287691.0
0.5,203,0.8,0.92661285,0.80363977,286981.56
0.5,204,1.0,0.99797946,0.99797946,286277.28
0.5,205,0.8,0.9277442,0.9277442,285578.22
0.5,206,0.7,0.8850583,0.7577004,284884.22
0.5,207,1.0,0.9982864,0.9982864,284195.28
0.5,208,0.8,0.9255117,0.8020817,283511.28
0.5,209,0.9,0.9703787,0.90133846,282832.2
0.5,210,1.0,0.9991683,0.9991683,282158.0
0.5,211,1.0,0.997898,0.997898,281488.6
0.5,212,0.7,0.9148005,0.84731895,280823.9
0.5,213,0.9,0.9706025,0.9706025,280163.9
0.5,214,0.9,0.96921384,0.96921384,279508.56
0.5,215,0.9,0.9400406,0.9027282,278857.8
0.5,216,0.8,0.9390853,0.8701649,278211.53
0.5,217,1.0,0.99837464,0.99837464,277569.75
0.5,218,0.7,0.8680107,0.78284055,276932.38
0.5,219,1.0,0.99982375,0.99982375,276299.4
0.5,220,1.0,0.99982184,0.99982184,275670.75
0.5,221,0.8,0.91033316,0.80131733,275046.38
0.5,222,0.6,0.82280713,0.6025468,274426.16
0.5,223,0.9,0.9684392,0.9684392,273810.2
0.5,224,0.6,0.84283847,0.6093272,273198.28
0.5,225,1.0,0.9983508,0.9983508,272590.5
0.5,226,0.8,0.9369165,0.8003842,271986.75
0.5,227,0.9,0.93394566,0.9010178,271387.03
0.5,228,0.9,0.9300106,0.9014422,270791.22
0.5,229,0.7,0.912037,0.84214133,270199.3
0.5,230,0.9,0.92858744,0.8994441,269611.3
0.5,231,0.9,0.96490306,0.96490306,269027.06
0.5,232,0.8,0.9263676,0.8036002,268446.66
0.5,233,0.8,0.9250029,0.8112831,267869.97
0.5,234,0.9,0.9696337,0.9696337,267297.03
0.5,235,0.9,0.96994746,0.91462785,266727.66
0.5,236,1.0,0.9990708,0.9990708,266161.94
0.5,237,0.9,0.9459917,0.9080135,265599.84
0.5,238,1.0,0.99877274,0.99877274,265041.28
0.5,239,0.9,0.9542553,0.89868057,264486.22
0.5,240,0.7,0.88339424,0.7779366,263934.62
0.5,241,1.0,0.9955608,0.9955608,263386.5
0.5,242,0.5,0.8258856,0.5283176,262841.72
0.5,243,0.8,0.9389154,0.8858199,262300.34
0.5,244,0.7,0.89541566,0.7008246,261762.3
0.5,245,0.7,0.89657277,0.71007717,261227.55
0.5,246,0.8,0.8948308,0.88635904,260696.05
0.5,247,0.8,0.92684525,0.81564605,260167.78
0.5,248,0.9,0.9422008,0.8987609,259642.72
0.5,249,1.0,0.9984376,0.9984376,259120.83
0.5,250,0.8,0.937672,0.8024871,258602.06
0.5,251,0.9,0.9700572,0.9700572,258086.42
0.5,252,0.9,0.94942045,0.90188473,257573.81
0.5,253,0.8,0.9351921,0.798686,257064.27
0.5,254,0.8,0.93849677,0.87361145,256557.78
0.5,255,0.7,0.89371717,0.7077538,256054.19
0.5,256,0.8,0.9322567,0.86499655,255553.61
1.0,1,1.0,0.99956024,0.99956024,20410346.0
1.0,2,1.0,0.9996193,0.999561,10205173.0
1.0,3,1.0,0.99869215,0.9985385,6803449.0
1.0,4,1.0,0.99867046,0.9986188,5102586.5
1.0,5,1.0,0.99861926,0.99861926,4082069.2
1.0,6,1.0,0.99876994,0.99871475,3401724.5
1.0,7,1.0,0.9985689,0.9985689,2915764.0
1.0,8,1.0,0.9985968,0.9985968,2551293.2
1.0,9,1.0,0.9986496,0.9985999,2267816.2
1.0,10,1.0,0.9986293,0.9986293,2041034.6
1.0,11,1.0,0.9986199,0.9986199,1855486.1
1.0,12,1.0,0.99863183,0.99863183,1700862.2
1.0,13,1.0,0.99857414,0.99851227,1570026.8
1.0,14,1.0,0.99864566,0.9985962,1457882.0
1.0,15,1.0,0.99866265,0.99866265,1360689.9
1.0,16,1.0,0.9984662,0.9984662,1275646.6
1.0,17,1.0,0.9985734,0.9985734,1200608.6
1.0,18,1.0,0.99861354,0.99858487,1133908.1
1.0,19,1.0,0.9985986,0.9985986,1074228.8
1.0,20,1.0,0.9985412,0.9985412,1020517.3
1.0,21,1.0,0.99849015,0.99846125,971921.25
1.0,22,1.0,0.998555,0.998555,927743.06
1.0,23,1.0,0.99852544,0.99852544,887406.44
1.0,24,1.0,0.99851686,0.9984862,850431.1
1.0,25,1.0,0.99857104,0.99857104,816413.8
1.0,26,1.0,0.9984962,0.9984962,785013.4
1.0,27,1.0,0.9985606,0.9985606,755938.75
1.0,28,1.0,0.99852973,0.99852973,728941.0
1.0,29,1.0,0.99857044,0.99857044,703805.06
1.0,30,1.0,0.99852467,0.99852467,680344.94
1.0,31,1.0,0.99841386,0.99841386,658398.25
1.0,32,1.0,0.99855345,0.99855345,637823.3
1.0,33,1.0,0.9985361,0.9985361,618495.3
1.0,34,1.0,0.998411,0.998411,600304.3
1.0,35,1.0,0.9985135,0.9985135,583152.75
1.0,36,1.0,0.99846923,0.99846923,566954.06
1.0,37,1.0,0.9986469,0.9986469,551631.0
1.0,38,1.0,0.9985465,0.9985465,537114.4
1.0,39,1.0,0.9985811,0.9985811,523342.22
1.0,40,1.0,0.9985132,0.9985132,510258.66
1.0,41,1.0,0.9984616,0.9984616,497813.34
1.0,42,1.0,0.99840516,0.99840516,485960.62
1.0,43,1.0,0.9985305,0.9985305,474659.22
1.0,44,1.0,0.9986106,0.9986106,463871.53
1.0,45,1.0,0.99844724,0.99844724,453563.25
1.0,46,1.0,0.998577,0.998577,443703.22
1.0,47,1.0,0.99853355,0.99853355,434262.7
1.0,48,1.0,0.9985407,0.9985407,425215.56
1.0,49,1.0,0.9984679,0.9984679,416537.7
1.0,50,1.0,0.9983737,0.9983737,408206.9
1.0,51,1.0,0.9984887,0.9984887,400202.88
1.0,52,1.0,0.9985355,0.9985355,392506.7
1.0,53,1.0,0.98895276,0.98895276,385100.9
1.0,54,1.0,0.99830645,0.99830645,377969.38
1.0,55,1.0,0.998531,0.998531,371097.22
1.0,56,1.0,0.9984905,0.9984905,364470.5
1.0,57,1.0,0.9984549,0.9984549,358076.28
1.0,58,1.0,0.998608,0.998608,351902.53
1.0,59,1.0,0.99799377,0.99799377,345938.1
1.0,60,0.9,0.9791834,0.979138,340172.47
1.0,61,1.0,0.99842787,0.99842787,334595.8
1.0,62,1.0,0.9985763,0.9985763,329199.12
1.0,63,1.0,0.99864846,0.99864846,323973.78
1.0,64,1.0,0.99850065,0.99850065,318911.66
1.0,65,1.0,0.9986246,0.9986246,314005.34
1.0,66,1.0,0.9984992,0.9984992,309247.66
1.0,67,1.0,0.9985135,0.9985135,304632.03
1.0,68,1.0,0.9985938,0.9985938,300152.16
1.0,69,0.9,0.9873916,0.9873916,295802.12
1.0,70,1.0,0.9981767,0.9981767,291576.38
1.0,71,1.0,0.99851334,0.99851334,287469.66
1.0,72,1.0,0.998438,0.998438,283477.03
1.0,73,1.0,0.9986256,0.9986256,279593.78
1.0,74,1.0,0.99846154,0.99846154,275815.5
1.0,75,1.0,0.9985506,0.9985506,272137.97
1.0,76,1.0,0.99846756,0.99846756,268557.2
1.0,77,1.0,0.9983656,0.9983656,265069.44
1.0,78,0.9,0.9849421,0.9849421,261671.11
1.0,79,1.0,0.9978962,0.9978962,258358.83
1.0,80,0.8,0.96587056,0.96587056,255129.33
1.0,81,1.0,0.9962986,0.9962986,251979.6
1.0,82,1.0,0.99612254,0.99612254,248906.67
1.0,83,1.0,0.9984993,0.9984993,245907.78
1.0,84,1.0,0.9985083,0.9985083,242980.31
1.0,85,1.0,0.99810773,0.99810773,240121.73
1.0,86,0.9,0.9800307,0.9800307,237329.61
1.0,87,0.9,0.97752017,0.97752017,234601.69
1.0,88,1.0,0.9979865,0.9979865,231935.77
1.0,89,0.9,0.9796957,0.9796957,229329.75
1.0,90,1.0,0.9979596,0.9979596,226781.62
1.0,91,1.0,0.9986035,0.9986035,224289.53
1.0,92,1.0,0.99856776,0.99856776,221851.61
1.0,93,1.0,0.99863446,0.99863446,219466.1
1.0,94,1.0,0.9985552,0.9985552,217131.34
1.0,95,0.9,0.97935706,0.97935706,214845.75
1.0,96,1.0,0.9980815,0.9980815,212607.78
1.0,97,1.0,0.9972887,0.9972887,210415.94
1.0,98,0.8,0.9554102,0.9554102,208268.84
1.0,99,0.9,0.9791214,0.9791214,206165.12
1.0,100,1.0,0.9981681,0.9981681,204103.45
1.0,101,0.9,0.9817424,0.9817424,202082.64
1.0,102,1.0,0.9980154,0.9980154,200101.44
1.0,103,1.0,0.9981936,0.9981936,198158.72
1.0,104,0.9,0.981527,0.981527,196253.34
1.0,105,1.0,0.99826634,0.99826634,194384.27
1.0,106,0.9,0.98162335,0.98162335,192550.45
1.0,107,1.0,0.99863136,0.99863136,190750.9
1.0,108,1.0,0.99849814,0.99849814,188984.69
1.0,109,0.9,0.9726122,0.9726122,187250.88
1.0,110,1.0,0.9981869,0.9981869,185548.61
1.0,111,1.0,0.9957274,0.9957274,183877.0
1.0,112,1.0,0.9955201,0.9955201,182235.25
1.0,113,1.0,0.99776,0.99776,180622.53
1.0,114,0.8,0.8986286,0.7993364,179038.14
1.0,115,1.0,0.9980444,0.9980444,177481.27
1.0,116,0.9,0.97807515,0.9780675,175951.27
1.0,117,1.0,0.9953147,0.9953147,174447.4
1.0,118,1.0,0.9954096,0.9954096,172969.05
1.0,119,0.9,0.97718656,0.97718656,171515.52
1.0,120,1.0,0.9981457,0.9981457,170086.23
1.0,121,1.0,0.9978644,0.9978644,168680.55
1.0,122,0.9,0.9655529,0.89897823,167297.9
1.0,123,0.9,0.9391621,0.89886016,165937.78
1.0,124,1.0,0.9985405,0.9985405,164599.56
1.0,125,0.9,0.97380316,0.97380316,163282.78
1.0,126,1.0,0.9978452,0.9978452,161986.89
1.0,127,1.0,0.9985565,0.9985565,160711.39
1.0,128,1.0,0.99847496,0.99847496,159455.83
1.0,129,1.0,0.9985482,0.9985482,158219.75
1.0,130,1.0,0.9986173,0.9985927,157002.67
1.0,131,0.8,0.94464093,0.8802883,155804.17
1.0,132,0.9,0.9680988,0.9680988,154623.83
1.0,133,1.0,0.99801075,0.99801075,153461.25
1.0,134,0.9,0.96932536,0.9124673,152316.02
1.0,135,0.9,0.97405225,0.97405225,151187.75
1.0,136,1.0,0.99806297,0.99806297,150076.08
1.0,137,1.0,0.99539936,0.99539936,148980.62
1.0,138,0.9,0.9326931,0.89598256,147901.06
1.0,139,0.9,0.9591339,0.8979049,146837.03
1.0,140,0.8,0.95201147,0.95201147,145788.19
1.0,141,0.9,0.9376836,0.89892805,144754.23
1.0,142,1.0,0.9985776,0.9985776,143734.83
1.0,143,1.0,0.9984724,0.9984724,142729.7
1.0,144,1.0,0.99848574,0.99848574,141738.52
1.0,145,1.0,0.99792945,0.99792945,140761.02
1.0,146,0.9,0.9726011,0.9726011,139796.89
1.0,147,1.0,0.9986097,0.9986097,138845.89
1.0,148,1.0,0.99858177,0.99858177,137907.75
1.0,149,0.8,0.94138813,0.94138813,136982.2
1.0,150,1.0,0.9938973,0.9938973,136068.98
1.0,151,1.0,0.9980149,0.9980149,135167.84
1.0,152,0.9,0.97392875,0.97392875,134278.6
1.0,153,1.0,0.9976576,0.9976576,133400.95
1.0,154,0.8,0.9474489,0.9474489,132534.72
1.0,155,1.0,0.9978879,0.9978879,131679.66
1.0,156,0.9,0.972206,0.972206,130835.555
1.0,157,0.9,0.9741284,0.9741284,130002.21
1.0,158,0.9,0.97396976,0.97396976,129179.414
1.0,159,1.0,0.99749124,0.99749124,128366.95
1.0,160,0.7,0.8856802,0.8499793,127564.664
1.0,161,0.9,0.9665674,0.8972354,126772.34
1.0,162,0.8,0.9269513,0.8688933,125989.8
1.0,163,0.9,0.9519831,0.8935944,125216.84
1.0,164,0.7,0.9051728,0.76933014,124453.336
1.0,165,0.9,0.9740674,0.9740674,123699.06
1.0,166,0.9,0.97031844,0.97031844,122953.89
1.0,167,1.0,0.99790937,0.99790937,122217.65
1.0,168,0.9,0.9694203,0.9694203,121490.16
1.0,169,0.7,0.8719473,0.7698957,120771.28
1.0,170,1.0,0.9926036,0.9926036,120060.87
1.0,171,0.9,0.9680214,0.9680214,119358.75
1.0,172,0.8,0.9399387,0.9399387,118664.805
1.0,173,0.7,0.90061855,0.7709144,117978.88
1.0,174,0.9,0.9323063,0.90250885,117300.84
1.0,175,1.0,0.9964307,0.9964307,116630.555
1.0,176,0.7,0.91354674,0.84622365,115967.88
1.0,177,1.0,0.99727297,0.99727297,115312.695
1.0,178,0.8,0.9441897,0.8745074,114664.875
1.0,179,1.0,0.9978508,0.9978508,114024.28
1.0,180,0.8,0.90343535,0.7990345,113390.81
1.0,181,0.9,0.9669585,0.8988101,112764.35
1.0,182,1.0,0.9979622,0.9979622,112144.766
1.0,183,0.9,0.9639844,0.9046915,111531.945
1.0,184,0.9,0.9745312,0.9745312,110925.805
1.0,185,0.9,0.9722676,0.9722676,110326.195
1.0,186,0.9,0.96396476,0.89816463,109733.05
1.0,187,0.8,0.93730724,0.86896497,109146.24
1.0,188,0.8,0.9291419,0.8699505,108565.67
1.0,189,0.9,0.9654683,0.89776313,107991.25
1.0,190,0.9,0.9656636,0.9010167,107422.875
1.0,191,0.9,0.9696862,0.9696862,106860.45
1.0,192,0.8,0.9406322,0.9406322,106303.89
1.0,193,0.8,0.93649065,0.8697618,105753.09
1.0,194,0.9,0.9241603,0.8960346,105207.97
1.0,195,0.8,0.93437684,0.87841904,104668.445
1.0,196,0.9,0.9508096,0.8982999,104134.42
1.0,197,1.0,0.9970617,0.9970617,103605.82
1.0,198,0.6,0.8407006,0.6739563,103082.56
1.0,199,0.8,0.93089294,0.87422085,102564.555
1.0,200,0.9,0.9707816,0.906953,102051.73
1.0,201,0.9,0.9658457,0.89839125,101544.01
1.0,202,0.8,0.8990353,0.8010894,101041.32
1.0,203,0.8,0.90232265,0.8665663,100543.58
1.0,204,0.9,0.91499835,0.89298403,100050.72
1.0,205,0.9,0.94890326,0.89312714,99562.67
1.0,206,0.7,0.8595797,0.69551766,99079.36
1.0,207,0.7,0.867109,0.84767663,98600.71
1.0,208,0.7,0.9079992,0.7701939,98126.67
1.0,209,0.8,0.9376513,0.9376513,97657.16
1.0,210,0.9,0.96617013,0.96617013,97192.13
1.0,211,0.6,0.8090807,0.6024821,96731.51
1.0,212,0.9,0.9655963,0.9007832,96275.23
1.0,213,0.8,0.9346611,0.86518383,95823.23
1.0,214,0.8,0.7997517,0.7948845,95375.45
1.0,215,0.8,0.9236158,0.7881775,94931.84
1.0,216,0.9,0.9523409,0.8868605,94492.34
1.0,217,0.9,0.9723388,0.9723388,94056.89
1.0,218,0.8,0.8322264,0.7992051,93625.44
1.0,219,0.6,0.79993874,0.59684265,93197.92
1.0,220,0.9,0.8945526,0.89300144,92774.305
1.0,221,0.9,0.9509056,0.8944971,92354.516
1.0,222,0.8,0.82685137,0.7951285,91938.5
1.0,223,1.0,0.9934719,0.9934719,91526.22
1.0,224,0.9,0.92818326,0.8945826,91117.625
1.0,225,0.8,0.9088341,0.86877614,90712.65
1.0,226,1.0,0.99258435,0.99258435,90311.266
1.0,227,0.8,0.9159535,0.78993565,89913.414
1.0,228,0.8,0.8586562,0.8003877,89519.07
1.0,229,0.8,0.79648656,0.79412895,89128.16
1.0,230,0.8,0.86252564,0.79198813,88740.63
1.0,231,0.8,0.80298984,0.8004182,88356.48
1.0,232,0.6,0.68713725,0.6021595,87975.63
1.0,233,0.7,0.7001639,0.69636345,87598.055
1.0,234,0.9,0.89542913,0.893707,87223.7
1.0,235,0.8,0.89424694,0.79852045,86852.54
1.0,236,0.6,0.73028433,0.6978468,86484.52
1.0,237,0.6,0.6943326,0.59530056,86119.6
1.0,238,0.8,0.824481,0.79359233,85757.76
1.0,239,0.8,0.86803424,0.7944702,85398.94
1.0,240,0.7,0.7002144,0.69520867,85043.12
1.0,241,0.8,0.86704904,0.78686136,84690.24
1.0,242,0.8,0.84327996,0.7906585,84340.27
1.0,243,0.6,0.734583,0.5906499,83993.195
1.0,244,0.5,0.6115755,0.49251407,83648.95
1.0,245,0.7,0.80284727,0.7054614,83307.53
1.0,246,0.6,0.67420506,0.60413647,82968.89
1.0,247,0.8,0.8542248,0.7981161,82632.984
1.0,248,0.3,0.5274068,0.45247927,82299.78
1.0,249,0.9,0.88619727,0.8832097,81969.26
1.0,250,0.7,0.8258893,0.7591184,81641.39
1.0,251,0.5,0.70311207,0.5005363,81316.125
1.0,252,0.7,0.83675194,0.765505,80993.445
1.0,253,0.3,0.37758565,0.30551633,80673.305
1.0,254,0.7,0.7578424,0.6983638,80355.695
1.0,255,0.5,0.5094397,0.49674407,80040.58
1.0,256,0.6,0.73696095,0.60657644,79727.914
1.5,1,1.0,0.9720505,0.9720505,50251308.0
1.5,2,1.0,0.98819685,0.98819685,17766520.0
1.5,3,1.0,0.96557915,0.96557915,9670869.0
1.5,4,1.0,0.96793604,0.96793604,6281413.5
1.5,5,1.0,0.9671031,0.9671031,4494614.0
1.5,6,1.0,0.96688414,0.96688414,3419168.8
1.5,7,1.0,0.96673745,0.96673745,2713315.8
1.5,8,1.0,0.96742374,0.96742374,2220815.0
1.5,9,1.0,0.96728516,0.96728516,1861159.8
1.5,10,1.0,0.9668536,0.9668536,1589085.9
1.5,11,1.0,0.9663149,0.9663149,1377394.5
1.5,12,1.0,0.9663824,0.9663824,1208858.6
1.5,13,1.0,0.9667579,0.9667579,1072092.8
1.5,14,1.0,0.9661728,0.9661728,959301.94
1.5,15,1.0,0.9661015,0.9661015,864988.8
1.5,16,1.0,0.96655226,0.96655226,785176.7
1.5,17,1.0,0.9662555,0.9662555,716925.44
1.5,18,1.0,0.96571714,0.96571714,658019.3
1.5,19,1.0,0.9653835,0.9653835,606760.06
1.5,20,1.0,0.9655101,0.9655101,561826.75
1.5,21,1.0,0.965786,0.965786,522177.9
1.5,22,1.0,0.9661894,0.9661894,486982.5
1.5,23,1.0,0.96524775,0.96524775,455570.56
1.5,24,1.0,0.9660791,0.9660791,427396.1
1.5,25,1.0,0.96570843,0.96570843,402010.5
1.5,26,1.0,0.96559274,0.96559274,379042.03
1.5,27,1.0,0.96662855,0.96662855,358180.3
1.5,28,1.0,0.9667729,0.9667729,339164.47
1.5,29,1.0,0.96595716,0.96595716,321773.6
1.5,30,1.0,0.9651812,0.9651812,305819.72
1.5,31,1.0,0.96570385,0.96570385,291142.0
1.5,32,1.0,0.96580964,0.9657685,277601.88
1.5,33,1.0,0.96625745,0.96625745,265079.7
1.5,34,1.0,0.9668449,0.9668449,253471.42
1.5,35,1.0,0.96625173,0.96625173,242686.33
1.5,36,1.0,0.9662062,0.9662062,232644.97
1.5,37,1.0,0.9646942,0.9646942,223277.4
1.5,38,1.0,0.96541053,0.96541053,214522.08
1.5,39,1.0,0.96551675,0.96551675,206324.34
1.5,40,1.0,0.96691656,0.96691656,198635.73
1.5,41,1.0,0.96498823,0.96498823,191413.06
1.5,42,1.0,0.96615154,0.96615154,184617.75
1.5,43,1.0,0.96572036,0.96572036,178215.2
1.5,44,1.0,0.96497965,0.96497965,172174.31
1.5,45,1.0,0.9666675,0.9666675,166467.17
1.5,46,1.0,0.9665352,0.9665352,161068.52
1.5,47,1.0,0.9656499,0.9656499,155955.47
1.5,48,1.0,0.965329,0.965329,151107.33
1.5,49,1.0,0.9654695,0.9654695,146505.28
1.5,50,1.0,0.9649267,0.9649267,142132.17
1.5,51,1.0,0.965377,0.965377,137972.38
1.5,52,1.0,0.9651737,0.9651737,134011.6
1.5,53,1.0,0.9653975,0.9653975,130236.76
1.5,54,1.0,0.9658302,0.9658302,126635.875
1.5,55,1.0,0.96527016,0.96527016,123197.914
1.5,56,1.0,0.96455306,0.96455306,119912.74
1.5,57,1.0,0.96500796,0.96500796,116771.04
1.5,58,1.0,0.9663739,0.9663739,113764.15
1.5,59,1.0,0.9658904,0.9658904,110884.125
1.5,60,1.0,0.96490896,0.96490896,108123.6
1.5,61,1.0,0.96566087,0.96566087,105475.75
1.5,62,1.0,0.965116,0.965116,102934.234
1.5,63,1.0,0.96543634,0.96543634,100493.17
1.5,64,1.0,0.9655571,0.9655571,98147.086
1.5,65,1.0,0.9649576,0.9649576,95890.88
1.5,66,1.0,0.9652998,0.9652998,93719.83
1.5,67,1.0,0.9645995,0.9645995,91629.48
1.5,68,1.0,0.9661342,0.9661342,89615.68
1.5,69,1.0,0.9654444,0.9654444,87674.59
1.5,70,1.0,0.9645909,0.9645909,85802.57
1.5,71,1.0,0.9657999,0.9657999,83996.24
1.5,72,1.0,0.96525115,0.96525115,82252.414
1.5,73,1.0,0.96574897,0.96574897,80568.09
1.5,74,1.0,0.9652796,0.9652796,78940.484
1.5,75,1.0,0.9645691,0.96455,77366.95
1.5,76,1.0,0.96495265,0.96495265,75845.01
1.5,77,1.0,0.96540624,0.96540624,74372.32
1.5,78,0.9,0.9352959,0.8680922,72946.67
1.5,79,1.0,0.9648628,0.9648628,71566.01
1.5,80,1.0,0.9647482,0.9647482,70228.34
1.5,81,1.0,0.96635044,0.96635044,68931.84
1.5,82,1.0,0.96479654,0.96479654,67674.74
1.5,83,1.0,0.96468675,0.96468675,66455.4
1.5,84,1.0,0.9659414,0.9659414,65272.24
1.5,85,1.0,0.9641937,0.9641937,64123.766
1.5,86,1.0,0.9669493,0.9669493,63008.586
1.5,87,1.0,0.96600103,0.96600103,61925.355
1.5,88,1.0,0.96648246,0.96648246,60872.812
1.5,89,1.0,0.9650098,0.9650098,59849.754
1.5,90,1.0,0.9646942,0.9646942,58855.035
1.5,91,1.0,0.9658564,0.9658564,57887.57
1.5,92,1.0,0.96619797,0.96619797,56946.32
1.5,93,1.0,0.9655622,0.9655622,56030.305
1.5,94,1.0,0.9644715,0.9644715,55138.586
1.5,95,1.0,0.96393716,0.96393716,54270.273
1.5,96,1.0,0.9660905,0.9660905,53424.51
1.5,97,1.0,0.9650366,0.9650366,52600.49
1.5,98,1.0,0.96493375,0.96493375,51797.438
1.5,99,1.0,0.9665944,0.9665944,51014.613
1.5,100,0.9,0.9501626,0.9501626,50251.312
1.5,101,1.0,0.96477854,0.96477854,49506.855
1.5,102,1.0,0.9657456,0.9657456,48780.598
1.5,103,0.9,0.95253503,0.95253503,48071.934
1.5,104,1.0,0.9648248,0.9648248,47380.254
1.5,105,1.0,0.96667016,0.96667016,46705.004
1.5,106,0.9,0.95093286,0.95093286,46045.65
1.5,107,0.9,0.95139015,0.95139015,45401.66
1.5,108,1.0,0.96653044,0.96653044,44772.54
1.5,109,0.9,0.9344514,0.87016237,44157.82
1.5,110,1.0,0.9680275,0.9680275,43557.04
1.5,111,0.8,0.9293909,0.9293909,42969.76
1.5,112,1.0,0.9643241,0.9643241,42395.56
1.5,113,0.9,0.94101346,0.94101346,41834.03
1.5,114,1.0,0.96510124,0.96510124,41284.793
1.5,115,0.9,0.9507288,0.9507288,40747.47
1.5,116,1.0,0.9646735,0.9646735,40221.7
1.5,117,1.0,0.964713,0.964713,39707.137
1.5,118,0.8,0.9147355,0.852718,39203.457
1.5,119,0.9,0.93863297,0.869602,38710.336
1.5,120,1.0,0.96631175,0.96631175,38227.465
1.5,121,1.0,0.9647654,0.9647654,37754.555
1.5,122,1.0,0.965443,0.965443,37291.31
1.5,123,0.9,0.93662584,0.8684617,36837.465
1.5,124,1.0,0.9654625,0.9654625,36392.75
1.5,125,0.9,0.91417634,0.8692466,35956.914
1.5,126,1.0,0.96523154,0.96523154,35529.703
1.5,127,1.0,0.9658276,0.9658276,35110.887
1.5,128,1.0,0.96519727,0.96519727,34700.234
1.5,129,1.0,0.9677094,0.9677094,34297.527
1.5,130,0.8,0.88879013,0.846707,33902.55
1.5,131,1.0,0.96579885,0.96579885,33515.094
1.5,132,1.0,0.9648034,0.9648034,33134.96
1.5,133,1.0,0.9648468,0.9648468,32761.967
1.5,134,0.9,0.94490564,0.94490564,32395.914
1.5,135,0.8,0.9029579,0.8509843,32036.623
1.5,136,0.9,0.9326377,0.86804116,31683.928
1.5,137,1.0,0.9653227,0.9653227,31337.658
1.5,138,0.9,0.938352,0.938352,30997.65
1.5,139,0.9,0.9513997,0.9513997,30663.744
1.5,140,0.9,0.9374927,0.8676111,30335.791
1.5,141,0.8,0.9236309,0.9236309,30013.643
1.5,142,1.0,0.964591,0.964591,29697.156
1.5,143,0.8,0.89228,0.839852,29386.191
1.5,144,0.9,0.9373156,0.9373156,29080.621
1.5,145,0.9,0.939927,0.869631,28780.305
1.5,146,1.0,0.96400225,0.96400225,28485.123
1.5,147,0.9,0.95440453,0.95440453,28194.953
1.5,148,1.0,0.96566105,0.96566105,27909.676
1.5,149,0.9,0.94221747,0.94221747,27629.18
1.5,150,0.9,0.94689894,0.94689894,27353.348
1.5,151,1.0,0.965117,0.9648733,27082.076
1.5,152,0.9,0.94662064,0.94662064,26815.26
1.5,153,0.9,0.94063014,0.94063014,26552.797
1.5,154,1.0,0.9654647,0.9654584,26294.586
1.5,155,0.9,0.90862495,0.8687196,26040.533
1.5,156,0.9,0.9158205,0.8762684,25790.543
1.5,157,0.9,0.9489218,0.9489218,25544.53
1.5,158,0.9,0.9253219,0.86216515,25302.402
1.5,159,1.0,0.9653169,0.9653169,25064.076
1.5,160,1.0,0.9651187,0.9651187,24829.467
1.5,161,0.9,0.9382121,0.9382121,24598.496
1.5,162,0.9,0.9080101,0.86053216,24371.086
1.5,163,0.9,0.9440481,0.9440481,24147.154
1.5,164,1.0,0.9651514,0.9651514,23926.633
1.5,165,0.9,0.90905094,0.86838067,23709.45
1.5,166,0.9,0.9419411,0.9419411,23495.53
1.5,167,1.0,0.96441156,0.96441156,23284.809
1.5,168,0.7,0.91253996,0.85098565,23077.219
1.5,169,0.9,0.94024867,0.94024867,22872.695
1.5,170,0.9,0.90729916,0.86754864,22671.174
1.5,171,0.8,0.89407015,0.85605973,22472.596
1.5,172,1.0,0.96472484,0.96472484,22276.9
1.5,173,0.8,0.93161315,0.93161315,22084.025
1.5,174,1.0,0.9667398,0.9667398,21893.92
1.5,175,0.9,0.91225034,0.86933744,21706.525
1.5,176,0.8,0.919438,0.919438,21521.79
1.5,177,0.9,0.9380225,0.9380225,21339.66
1.5,178,0.8,0.92443407,0.92443407,21160.084
1.5,179,0.9,0.9397783,0.9397783,20983.012
1.5,180,0.9,0.94025725,0.8734287,20808.396
1.5,181,1.0,0.9627188,0.9627188,20636.191
1.5,182,0.8,0.9221903,0.8528775,20466.346
1.5,183,0.8,0.9192034,0.9192034,20298.82
1.5,184,0.9,0.95717955,0.95717955,20133.564
1.5,185,1.0,0.96281844,0.96281844,19970.54
1.5,186,1.0,0.95831525,0.95831525,19809.703
1.5,187,0.7,0.8935362,0.81331384,19651.016
1.5,188,0.9,0.9250026,0.8661189,19494.434
1.5,189,0.9,0.9488634,0.9488634,19339.92
1.5,190,1.0,0.9636545,0.9636545,19187.438
1.5,191,0.8,0.909338,0.8399984,19036.95
1.5,192,0.8,0.8987199,0.835219,18888.416
1.5,193,0.7,0.87264264,0.7489995,18741.807
1.5,194,0.8,0.9213888,0.85547435,18597.08
1.5,195,0.9,0.9330217,0.9330217,18454.209
1.5,196,0.8,0.93138826,0.93138826,18313.16
1.5,197,0.9,0.9263319,0.86840916,18173.896
1.5,198,0.9,0.94483346,0.94483346,18036.389
1.5,199,0.4,0.77560174,0.5510638,17900.607
1.5,200,0.7,0.8272599,0.75904,17766.521
1.5,201,0.8,0.9000826,0.84834373,17634.1
1.5,202,0.8,0.87208,0.7711595,17503.314
1.5,203,0.5,0.7276093,0.4779718,17374.14
1.5,204,0.6,0.84790355,0.84790355,17246.547
1.5,205,1.0,0.95661604,0.95661604,17120.506
1.5,206,0.8,0.8930853,0.8450052,16995.994
1.5,207,0.8,0.9270384,0.85759413,16872.982
1.5,208,0.7,0.8915885,0.76234424,16751.45
1.5,209,0.6,0.82433015,0.6628354,16631.367
1.5,210,0.8,0.9048284,0.85007447,16512.713
1.5,211,1.0,0.9653133,0.9653133,16395.463
1.5,212,0.7,0.8488928,0.74381816,16279.595
1.5,213,0.5,0.82511675,0.78981405,16165.084
1.5,214,0.8,0.8801384,0.8418807,16051.91
1.5,215,0.3,0.68375826,0.5275071,15940.05
1.5,216,0.9,0.9423005,0.9423005,15829.484
1.5,217,0.4,0.7443813,0.5486504,15720.188
1.5,218,0.7,0.7595227,0.66252565,15612.147
1.5,219,0.8,0.90184087,0.83807623,15505.337
1.5,220,0.7,0.88324946,0.7479634,15399.739
1.5,221,0.6,0.856211,0.80085087,15295.334
1.5,222,0.6,0.81096,0.73718363,15192.1045
1.5,223,0.8,0.93869984,0.93869984,15090.028
1.5,224,0.6,0.8903662,0.8903662,14989.093
1.5,225,0.7,0.8891447,0.7565309,14889.276
1.5,226,0.8,0.9003865,0.8325165,14790.563
1.5,227,0.8,0.8335959,0.8317356,14692.937
1.5,228,0.8,0.85570353,0.8206075,14596.38
1.5,229,0.7,0.8128254,0.74846447,14500.873
1.5,230,0.5,0.74863327,0.62228376,14406.406
1.5,231,0.3,0.6139411,0.37543085,14312.959
1.5,232,0.4,0.69351065,0.47239,14220.519
1.5,233,0.5,0.8756965,0.8756965,14129.067
1.5,234,0.3,0.68099487,0.4528187,14038.595
1.5,235,0.5,0.8003737,0.6037109,13949.08
1.5,236,0.4,0.7000658,0.5802519,13860.516
1.5,237,0.6,0.85682976,0.8229312,13772.883
1.5,238,0.4,0.68361783,0.5511025,13686.172
1.5,239,0.3,0.5955911,0.3390879,13600.364
1.5,240,0.5,0.6576954,0.50686616,13515.45
1.5,241,0.5,0.6922544,0.5599469,13431.418
1.5,242,0.7,0.84313947,0.7366342,13348.251
1.5,243,0.5,0.6749645,0.4849833,13265.9375
1.5,244,0.5,0.65010446,0.5712973,13184.469
1.5,245,0.4,0.71973056,0.6148299,13103.83
1.5,246,0.5,0.77066773,0.67411053,13024.011
1.5,247,0.5,0.70802695,0.5569272,12944.997
1.5,248,0.6,0.7886676,0.7362286,12866.779
1.5,249,0.5,0.6921185,0.6256838,12789.348
1.5,250,0.3,0.52987176,0.4641266,12712.6875
1.5,251,0.7,0.80987185,0.7579033,12636.791
1.5,252,0.5,0.65743595,0.5593516,12561.646
1.5,253,0.3,0.61686,0.52018636,12487.244
1.5,254,0.2,0.5239549,0.46487063,12413.574
1.5,255,0.4,0.58113515,0.46490216,12340.623
1.5,256,0.5,0.664888,0.64630926,12268.386
